player_id,name,team,stolen_bases,caught_stealing,sb_pct,sb_opportunities
683083,Nasim Nuñez,WSH,32,3,91.4,0
677951,Bobby Witt Jr.,KC,28,4,87.5,0
608070,José Ramírez,CLE,24,2,92.3,0
665862,Jazz Chisholm Jr.,NYY,24,4,85.7,0
665833,Oneil Cruz,PIT,21,4,84.0,0
668227,Randy Arozarena,SEA,19,4,82.6,0
665487,Fernando Tatis Jr.,SD,19,8,70.4,0
802415,Chandler Simpson,TB,19,8,70.4,0
691718,Pete Crow-Armstrong,CHC,18,5,78.3,0
676609,José Caballero,NYY,18,7,72.0,0
805300,Jakob Marsee,MIA,18,9,66.7,0
666152,David Hamilton,MIL,17,5,77.3,0
672640,Otto Lopez,MIA,16,3,84.2,0
665923,Esteury Ruiz,MIA,16,3,84.2,0
681082,Bryson Stott,PHI,16,0,100.0,0
701538,Jackson Merrill,SD,16,1,94.1,0
660670,Ronald Acuña Jr.,ATL,15,7,68.2,0
607208,Trea Turner,PHI,15,2,88.2,0
663968,Jake Mangum,PIT,14,5,73.7,0
804606,Konnor Griffin,PIT,14,1,93.3,0
647304,Josh Naylor,SEA,14,3,82.4,0
682668,Luisangel Acuña,CWS,14,2,87.5,0
664983,Jake McCarthy,COL,13,3,81.3,0
682928,CJ Abrams,WSH,13,4,76.5,0
695578,James Wood,WSH,13,1,92.9,0
668930,Brice Turang,MIL,13,2,86.7,0
656775,Cedric Mullins,TB,13,6,68.4,0
677587,Brayan Rocchio,CLE,12,4,75.0,0
683953,Travis Bazzana,CLE,12,3,80.0,0
663538,Nico Hoerner,CHC,12,2,85.7,0
670764,Taylor Walls,TB,12,2,85.7,0
680776,Jarren Duran,BOS,12,0,100.0,0
669364,Xavier Edwards,MIA,11,3,78.6,0
803011,Sam Antonacci,CWS,11,4,73.3,0
805808,Kevin McGonigle,DET,11,0,100.0,0
701807,Carson Benge,NYM,11,2,84.6,0
701398,Sal Stewart,CIN,11,3,78.6,0
677594,Julio Rodríguez,SEA,11,3,78.6,0
807712,Luke Keaschall,MIN,11,3,78.6,0
672695,Geraldo Perdomo,AZ,11,7,61.1,0
687263,Zach Neto,LAA,11,7,61.1,0
680574,Matt McLain,CIN,11,2,84.6,0
703607,Henry Bolte,ATH,10,3,76.9,0
691023,Jordan Walker,STL,10,4,71.4,0
678882,Ceddanne Rafaela,BOS,10,6,62.5,0
682829,Elly De La Cruz,CIN,10,5,66.7,0
641355,Cody Bellinger,NYY,10,4,71.4,0
678246,Miguel Vargas,CWS,10,2,83.3,0
665926,Andrés Giménez,TOR,10,2,83.3,0
593428,Xander Bogaerts,SD,10,1,90.9,0
621020,Dansby Swanson,CHC,10,0,100.0,0
694497,Evan Carter,TEX,10,0,100.0,0
682998,Corbin Carroll,AZ,9,2,81.8,0
672724,Oswald Peraza,LAA,9,2,81.8,0
665750,Leody Taveras,BAL,9,3,75.0,0
702222,Justin Crawford,PHI,9,3,75.0,0
682657,Angel Martínez,CLE,9,2,81.8,0
701358,Cam Smith,HOU,9,1,90.0,0
686668,Brenton Doyle,COL,9,2,81.8,0
687363,Victor Scott II,STL,9,4,69.2,0
669016,Brandon Marsh,PHI,8,3,72.7,0
677942,Blaze Alexander,BAL,8,3,72.7,0
665161,Jeremy Peña,HOU,8,1,88.9,0
680869,Zack Gelof,ATH,8,1,88.9,0
805999,A.J. Ewing,NYM,8,5,61.5,0
681624,Andy Pages,LAD,8,6,57.1,0
802139,JJ Wetherholt,STL,8,0,100.0,0
668885,Austin Martin,MIN,8,5,61.5,0
696285,Jacob Young,WSH,8,2,80.0,0
669477,Casey Schmitt,SF,7,1,87.5,0
701762,Nick Kurtz,ATH,7,1,87.5,0
643396,Isiah Kiner-Falefa,BOS,7,2,77.8,0
621439,Byron Buxton,MIN,7,0,100.0,0
676356,Jonny DeLuca,TB,7,2,77.8,0
622761,Jorge Mateo,ATL,7,1,87.5,0
662139,Daulton Varsho,TOR,7,0,100.0,0
699912,Jose Fernandez,AZ,7,2,77.8,0
683011,Anthony Volpe,NYY,7,3,70.0,0
695734,Daylen Lile,WSH,7,5,58.3,0
656537,Derek Hill,PHI,7,4,63.6,0
686475,Tyler Tolbert,KC,7,2,77.8,0
545361,Mike Trout,LAA,7,0,100.0,0
680700,Richie Palacios,TB,7,5,58.3,0
702332,Caleb Durbin,BOS,7,3,70.0,0
657656,Ramón Laureano,SD,7,2,77.8,0
669392,Samad Taylor,SD,6,1,85.7,0
650333,Luis Arraez,SF,6,0,100.0,0
665742,Juan Soto,NYM,6,3,66.7,0
694192,Jackson Chourio,MIL,6,1,85.7,0
660271,Shohei Ohtani,LAD,6,2,75.0,0
694362,Blake Dunn,CIN,6,3,66.7,0
694671,Wyatt Langford,TEX,6,0,100.0,0
650489,Willi Castro,COL,6,4,60.0,0
665489,Vladimir Guerrero Jr.,TOR,6,1,85.7,0
677800,Wilyer Abreu,BOS,6,2,75.0,0
677649,Ezequiel Duran,TEX,6,1,85.7,0
669003,Garrett Mitchell,MIL,6,5,54.5,0
691026,Masyn Winn,STL,6,2,75.0,0
665019,Kody Clemens,MIN,6,2,75.0,0
663656,Kyle Tucker,LAD,6,0,100.0,0
686217,Sal Frelick,MIL,6,2,75.0,0
663757,Trent Grisham,NYY,6,1,85.7,0
683002,Gunnar Henderson,BAL,6,4,60.0,0
823550,Sung-Mun Song,SD,6,2,75.0,0
543807,George Springer,TOR,6,2,75.0,0
543760,Marcus Semien,NYM,6,2,75.0,0
681393,Connor Norby,MIA,6,3,66.7,0
671732,Lawrence Butler,ATH,6,3,66.7,0
808982,Jung Hoo Lee,SF,5,0,100.0,0
671739,Michael Harris II,ATL,5,1,83.3,0
663604,Brandon Lockridge,MIL,5,0,100.0,0
668804,Bryan Reynolds,PIT,5,0,100.0,0
671289,Tyler Freeman,COL,5,3,62.5,0
547180,Bryce Harper,PHI,5,3,62.5,0
641343,Jake Bauers,MIL,5,1,83.3,0
672580,Maikel Garcia,KC,5,3,62.5,0
691594,Javier Sanoja,MIA,5,1,83.3,0
592885,Christian Yelich,MIL,5,0,100.0,0
814439,Ryan Waldschmidt,AZ,5,1,83.3,0
671056,Iván Herrera,STL,5,0,100.0,0
808975,Hyeseong Kim,LAD,5,1,83.3,0
701675,Nathan Church,STL,5,2,71.4,0
667472,Dane Myers,CIN,5,0,100.0,0
806198,Cooper Pratt,MIL,5,0,100.0,0
592450,Aaron Judge,NYY,5,3,62.5,0
696100,Hunter Goodman,COL,5,2,71.4,0
664728,Kyle Isbel,KC,5,0,100.0,0
669707,Jared Triolo,PIT,5,1,83.3,0
810938,Ben Williamson,TB,5,1,83.3,0
681715,Heriberto Hernández,MIA,5,2,71.4,0
668904,Royce Lewis,MIN,5,0,100.0,0
678662,Ezequiel Tovar,COL,5,0,100.0,0
687401,Joey Ortiz,MIL,5,3,62.5,0
670770,TJ Friedl,CIN,5,0,100.0,0
669369,Bryce Johnson,SD,5,1,83.3,0
681546,James Outman,DET,5,2,71.4,0
691783,Jordan Lawlar,AZ,4,0,100.0,0
687859,Troy Johnston,COL,4,4,50.0,0
693304,Nick Gonzales,PIT,4,2,66.7,0
671976,Tristan Peters,CWS,4,2,66.7,0
672515,Gabriel Moreno,AZ,4,1,80.0,0
696030,Alejandro Osuna,TEX,4,2,66.7,0
690993,Colt Keith,DET,4,0,100.0,0
807713,Matt Shaw,CHC,4,1,80.0,0
686797,Brooks Lee,MIN,4,2,66.7,0
657757,Gavin Sheets,SD,4,0,100.0,0
687957,Dustin Harris,HOU,4,0,100.0,0
690924,Braxton Fulford,COL,4,0,100.0,0
596103,Austin Slater,TB,4,0,100.0,0
686555,Isaac Collins,KC,4,4,50.0,0
683357,Owen Caissie,MIA,4,1,80.0,0
664023,Ian Happ,CHC,4,0,100.0,0
666397,Edouard Julien,COL,4,3,57.1,0
691176,Jasson Domínguez,NYY,4,0,100.0,0
669326,Bryce Teodosio,LAA,4,1,80.0,0
663586,Austin Riley,ATL,4,1,80.0,0
682177,Daniel Schneemann,CLE,4,2,66.7,0
596115,Trevor Story,BOS,4,0,100.0,0
682622,Noelvi Marte,CIN,4,1,80.0,0
677950,Alek Thomas,AZ,4,0,100.0,0
695257,Billy Cook,PIT,4,1,80.0,0
670032,Nicky Lopez,TEX,3,1,75.0,0
668723,Ryan Vilade,TB,3,0,100.0,0
665877,José Fermín,STL,3,0,100.0,0
695506,Jac Caglianone,KC,3,1,75.0,0
607043,Brandon Nimmo,TEX,3,1,75.0,0
666176,Jo Adell,LAA,3,0,100.0,0
678009,Parker Meadows,DET,3,0,100.0,0
687637,Dylan Beavers,BAL,3,1,75.0,0
668715,Spencer Steer,CIN,3,0,100.0,0
571448,Nolan Arenado,AZ,3,0,100.0,0
668709,JJ Bleday,CIN,3,2,60.0,0
687231,Darell Hernaiz,ATH,3,0,100.0,0
691777,Max Muncy,ATH,3,2,60.0,0
641584,Jake Fraley,TB,3,0,100.0,0
682663,Agustín Ramírez,MIA,3,1,75.0,0
645302,Victor Robles,SEA,3,1,75.0,0
686469,Vinnie Pasquantino,KC,3,0,100.0,0
686611,Dylan Crews,WSH,3,0,100.0,0
678554,Curtis Mead,WSH,3,2,60.0,0
691785,Marcelo Mayer,BOS,3,0,100.0,0
642215,Weston Wilson,SEA,3,1,75.0,0
642201,Eli White,ATL,3,0,100.0,0
683146,Brett Baty,NYM,3,1,75.0,0
657041,Lane Thomas,KC,3,3,50.0,0
641857,Ryan McMahon,NYY,3,1,75.0,0
680757,Steven Kwan,CLE,3,1,75.0,0
650859,Luis Rengifo,MIL,3,2,60.0,0
592663,J.T. Realmuto,PHI,3,0,100.0,0
702616,Jackson Holliday,BAL,3,0,100.0,0
666969,Adolis García,PHI,3,0,100.0,0
672761,Wenceel Pérez,DET,3,1,75.0,0
663368,Blake Perkins,MIL,3,1,75.0,0
687749,Jase Bowen,SD,3,0,100.0,0
813841,Jonah Cox,SF,2,0,100.0,0
676391,Ernie Clement,TOR,2,1,66.7,0
518692,Freddie Freeman,LAD,2,0,100.0,0
663616,Trevor Larnach,MIN,2,1,66.7,0
670224,Kameron Misner,KC,2,1,66.7,0
676475,Alec Burleson,STL,2,0,100.0,0
805367,Chase Meidroth,CWS,2,2,50.0,0
685133,Wade Meckler,LAA,2,0,100.0,0
805779,Jacob Wilson,ATH,2,0,100.0,0
660688,Keibert Ruiz,WSH,2,1,66.7,0
606192,Teoscar Hernández,LAD,2,0,100.0,0
700250,Ben Rice,NYY,2,0,100.0,0
657136,Connor Wong,BOS,2,1,66.7,0
671277,Luis García Jr.,WSH,2,1,66.7,0
621566,Matt Olson,ATL,2,0,100.0,0
686681,Michael Massey,KC,2,0,100.0,0
643289,Mauricio Dubón,ATL,2,2,50.0,0
669127,Shea Langeliers,ATH,2,1,66.7,0
699393,Pedro Ramírez,CHC,2,0,100.0,0
800050,Chase DeLauter,CLE,2,1,66.7,0
669394,Jake Burger,TEX,2,0,100.0,0
621493,Taylor Ward,BAL,2,2,50.0,0
682848,Endy Rodríguez,PIT,2,0,100.0,0
691720,Kyle Karros,COL,2,0,100.0,0
609280,Miguel Andujar,SD,2,2,50.0,0
624413,Pete Alonso,BAL,2,0,100.0,0
669236,Jeremiah Jackson,BAL,2,1,66.7,0
702284,Cole Young,SEA,2,3,40.0,0
656484,Tristan Gray,MIN,2,0,100.0,0
807799,Masataka Yoshida,BOS,2,0,100.0,0
608324,Alex Bregman,CHC,2,1,66.7,0
664702,Myles Straw,TOR,2,1,66.7,0
683737,Michael Busch,CHC,2,0,100.0,0
681987,Nate Eaton,BOS,2,0,100.0,0
701350,Roman Anthony,BOS,2,0,100.0,0
681297,Colton Cowser,BAL,2,2,50.0,0
665052,Griffin Conine,MIA,2,0,100.0,0
673357,Luis Robert Jr.,NYM,2,2,50.0,0
624641,Edmundo Sosa,PHI,2,0,100.0,0
677588,José Tena,WSH,2,0,100.0,0
596019,Francisco Lindor,NYM,2,1,66.7,0
669701,Josh Smith,TEX,2,1,66.7,0
686780,Pedro Pagés,STL,2,0,100.0,0
680474,Max Schuemann,NYY,2,2,50.0,0
663837,Matt Vierling,DET,2,2,50.0,0
666139,Josh Lowe,LAA,2,0,100.0,0
667670,Brent Rooker,ATH,2,0,100.0,0
694728,Brice Matthews,HOU,2,4,33.3,0
592206,Nick Castellanos,SD,2,0,100.0,0
687597,Jordan Beck,COL,2,1,66.7,0
656582,Connor Joe,SEA,2,0,100.0,0
672275,Patrick Bailey,CLE,2,0,100.0,0
672016,Denzel Clarke,ATH,2,0,100.0,0
690984,Petey Halpin,CLE,2,0,100.0,0
663728,Cal Raleigh,SEA,2,1,66.7,0
664059,Sam Haggerty,TEX,2,0,100.0,0
656413,Stuart Fairchild,CLE,2,0,100.0,0
680779,Henry Davis,PIT,2,1,66.7,0
660844,Leo Rivas,SEA,2,0,100.0,0
650490,Yandy Díaz,TB,1,0,100.0,0
640492,José Azócar,ATL,1,0,100.0,0
670541,Yordan Alvarez,HOU,1,0,100.0,0
661388,William Contreras,MIL,1,2,33.3,0
680777,Ryan Jeffers,MIN,1,0,100.0,0
673962,Josh Jung,TEX,1,1,50.0,0
502671,Paul Goldschmidt,NYY,1,0,100.0,0
682985,Riley Greene,DET,1,1,50.0,0
686894,Joey Wiemer,WSH,1,0,100.0,0
575929,Willson Contreras,BOS,1,1,50.0,0
687462,Spencer Horwitz,PIT,1,0,100.0,0
656811,Ryan O'Hearn,PIT,1,0,100.0,0
621043,Carlos Correa,HOU,1,0,100.0,0
689414,Liam Hicks,MIA,1,0,100.0,0
645277,Ozzie Albies,ATL,1,3,25.0,0
686527,Dominic Canzone,SEA,1,1,50.0,0
666126,Carlos Cortes,ATH,1,0,100.0,0
660821,Jesús Sánchez,TOR,1,1,50.0,0
680977,Brendan Donovan,SEA,1,1,50.0,0
663611,Nick Madrigal,LAA,1,1,50.0,0
642350,Jose Siri,LAA,1,1,50.0,0
666160,Mickey Moniak,COL,1,0,100.0,0
694203,Denzer Guzman,LAA,1,1,50.0,0
666211,Taylor Trammell,HOU,1,0,100.0,0
669743,Alex Call,LAD,1,1,50.0,0
571970,Max Muncy,LAD,1,0,100.0,0
595978,Austin Hedges,CLE,1,1,50.0,0
691740,Daniel Susac,SF,1,1,50.0,0
606466,Ketel Marte,AZ,1,0,100.0,0
701678,Hao-Yu Lee,DET,1,1,50.0,0
545121,Ildemaro Vargas,AZ,1,0,100.0,0
686948,Drake Baldwin,ATL,1,1,50.0,0
595879,Javier Báez,DET,1,1,50.0,0
519317,Giancarlo Stanton,NYY,1,0,100.0,0
664034,Ty France,SD,1,1,50.0,0
666182,Bo Bichette,NYM,1,0,100.0,0
656941,Kyle Schwarber,PHI,1,0,100.0,0
669397,Nick Allen,HOU,1,0,100.0,0
664068,Scott Kingery,CHC,1,0,100.0,0
696135,Kahlil Watson,CLE,1,1,50.0,0
694249,Cole Carrigg,COL,1,1,50.0,0
678218,Brandon Valenzuela,TOR,1,0,100.0,0
695600,Carter Jensen,KC,1,0,100.0,0
605137,Josh Bell,MIN,1,0,100.0,0
691016,Tyler Soderstrom,ATH,1,1,50.0,0
642708,Amed Rosario,NYY,1,0,100.0,0
682997,Tyler Callihan,PIT,1,0,100.0,0
808959,Munetaka Murakami,CWS,1,3,25.0,0
514888,Jose Altuve,HOU,1,2,33.3,0
643217,Andrew Benintendi,CWS,1,0,100.0,0
670042,Luke Raley,SEA,1,1,50.0,0
679845,Nick Loftin,KC,1,0,100.0,0
624424,Michael Conforto,CHC,1,0,100.0,0
643446,Jeff McNeil,ATH,1,2,33.3,0
677592,Everson Pereira,CWS,1,0,100.0,0
694208,Moisés Ballesteros,CHC,1,0,100.0,0
690976,Alex Freeland,LAD,1,0,100.0,0
683679,Jesus Rodriguez,SF,1,1,50.0,0
669065,Kyle Stowers,MIA,1,1,50.0,0
605141,Mookie Betts,LAD,1,2,33.3,0
642715,Willy Adames,SF,1,2,33.3,0
663494,Bryan Torres,STL,1,0,100.0,0
691781,Brady House,WSH,1,0,100.0,0
682987,Spencer Jones,NYY,1,0,100.0,0
695657,Colson Montgomery,CWS,1,1,50.0,0
655316,Andruw Monasterio,BOS,1,3,25.0,0
694388,Joey Loperfido,HOU,1,1,50.0,0
573262,Mike Yastrzemski,ATL,1,0,100.0,0
664761,Alec Bohm,PHI,1,0,100.0,0
641487,J.P. Crawford,SEA,1,3,25.0,0
666971,Lourdes Gurriel Jr.,AZ,1,0,100.0,0
687515,Colby Thomas,ATH,1,1,50.0,0
806068,Colt Emerson,SEA,1,1,50.0,0
676694,Jake Meyers,HOU,1,2,33.3,0
672356,Gabriel Arias,CLE,1,0,100.0,0
665966,Carlos Narváez,BOS,1,0,100.0,0
691723,Coby Mayo,BAL,1,0,100.0,0
660162,Yoán Moncada,LAA,1,0,100.0,0
666181,Will Benson,CIN,1,1,50.0,0
700337,Edgar Quero,CWS,1,0,100.0,0
608369,Corey Seager,TEX,1,0,100.0,0
656716,Zach McKinstry,DET,1,3,25.0,0
695336,Thomas Saggese,STL,1,2,33.3,0
641933,Tyler O'Neill,BAL,1,0,100.0,0
592518,Manny Machado,SD,1,1,50.0,0
677870,Leo Jiménez,MIA,1,0,100.0,0
643376,Danny Jansen,TEX,1,1,50.0,0
688363,Graham Pauley,MIA,1,1,50.0,0
666624,Christopher Morel,MIA,1,0,100.0,0
668670,Jake Rogers,DET,1,0,100.0,0
676914,Davis Schneider,TOR,1,0,100.0,0
630105,Jake Cronenworth,SD,1,0,100.0,0
666931,Jared Oliva,SF,1,0,100.0,0
663647,Ke'Bryan Hayes,CIN,1,0,100.0,0
691011,Drew Romo,CWS,1,0,100.0,0
675659,Greg Jones,MIL,1,1,50.0,0
673490,Ha-Seong Kim,ATL,1,0,100.0,0
664238,Dylan Moore,PHI,1,0,100.0,0
571771,Enrique Hernández,LAD,0,0,0.0,0
681909,Justin Dean,CHC,0,0,0.0,0
804668,Rafael Flores Jr.,PIT,0,0,0.0,0
665856,Jair Camargo,ATL,0,0,0.0,0
694224,Gabriel Gonzalez,MIN,0,0,0.0,0
683021,Michael Stefanic,ATH,0,0,0.0,0
669242,Tommy Edman,LAD,0,0,0.0,0
672012,Tyler Black,MIL,0,0,0.0,0
701162,Ben Malgeri,DET,0,0,0.0,0
683079,Omar Martinez,LAA,0,0,0.0,0
678011,Anthony Seigler,BOS,0,0,0.0,0
683734,Andrew Vaughn,MIL,0,0,0.0,0
664774,LaMonte Wade Jr.,HOU,0,0,0.0,0
622268,Donovan Walton,LAA,0,0,0.0,0
656577,Alex Jackson,MIN,0,0,0.0,0
641820,Trey Mancini,LAA,0,0,0.0,0
663457,Lars Nootbaar,STL,0,1,0.0,0
664770,Nathan Lukes,TOR,0,1,0.0,0
649966,Luis Urías,TOR,0,0,0.0,0
681198,TJ Rumfield,COL,0,0,0.0,0
650391,Eloy Jiménez,TOR,0,0,0.0,0
666018,Jonathan Aranda,TB,0,0,0.0,0
668952,Ryan Kreidler,MIN,0,3,0.0,0
669134,Luis Campusano,SD,0,0,0.0,0
691277,Deyvison De Los Santos,MIA,0,0,0.0,0
669384,Raynel Delgado,HOU,0,0,0.0,0
571657,Kyle Farmer,ATL,0,0,0.0,0
663624,Ryan Mountcastle,BAL,0,0,0.0,0
668942,Josh Rojas,KC,0,0,0.0,0
645305,Ali Sánchez,NYY,0,0,0.0,0
675961,Alika Williams,ATH,0,1,0.0,0
691406,Junior Caminero,TB,0,2,0.0,0
682818,Yohendrick Piñango,TOR,0,0,0.0,0
650402,Gleyber Torres,DET,0,0,0.0,0
805811,Bryce Eldridge,SF,0,0,0.0,0
676369,Nelson Velázquez,STL,0,0,0.0,0
608348,Carson Kelly,CHC,0,0,0.0,0
642086,Dominic Smith,ATL,0,0,0.0,0
553869,Elias Díaz,TEX,0,0,0.0,0
606115,Orlando Arcia,MIN,0,1,0.0,0
640902,Jhonny Pereda,SEA,0,0,0.0,0
500743,Miguel Rojas,LAD,0,1,0.0,0
679822,Justin Foscue,TEX,0,0,0.0,0
669289,Santiago Espinal,LAD,0,0,0.0,0
545341,Randal Grichuk,CWS,0,0,0.0,0
693307,Dillon Dingler,DET,0,0,0.0,0
691458,Blaze Jordan,STL,0,0,0.0,0
671218,Heliot Ramos,SF,0,0,0.0,0
670231,John Rave,KC,0,0,0.0,0
678391,Jorbit Vivas,WSH,0,1,0.0,0
695238,Will Wagner,SD,0,0,0.0,0
695490,Edwin Arroyo,CIN,0,1,0.0,0
673548,Seiya Suzuki,CHC,0,0,0.0,0
694384,Nolan Schanuel,LAA,0,1,0.0,0
516782,Starling Marte,KC,0,1,0.0,0
686765,Nick Sogard,BOS,0,0,0.0,0
694212,Samuel Basallo,BAL,0,0,0.0,0
663993,Nathaniel Lowe,CIN,0,0,0.0,0
673237,Yainer Diaz,HOU,0,1,0.0,0
668939,Adley Rutschman,BAL,0,1,0.0,0
691788,Joe Mack,MIA,0,0,0.0,0
663743,Nick Fortes,TB,0,0,0.0,0
682626,Francisco Alvarez,NYM,0,0,0.0,0
682674,Victor Bericoto,SF,0,1,0.0,0
815873,Sean Keys,TOR,0,0,0.0,0
670623,Isaac Paredes,HOU,0,0,0.0,0
678577,Junior Perez,CWS,0,1,0.0,0
682515,Logan Porter,LAA,0,0,0.0,0
644433,Chadwick Tromp,BAL,0,0,0.0,0
669257,Will Smith,LAD,0,0,0.0,0
663698,Joey Bart,ATL,0,0,0.0,0
664040,Brandon Lowe,PIT,0,0,0.0,0
641680,Jonah Heim,ATH,0,0,0.0,0
695731,Braden Montgomery,CWS,0,1,0.0,0
665861,Sebastián Rivero,LAA,0,0,0.0,0
669699,Braden Shewmake,HOU,0,0,0.0,0
681508,Mickey Gasper,BOS,0,1,0.0,0
650968,Yohel Pozo,STL,0,0,0.0,0
592626,Joc Pederson,TEX,0,0,0.0,0
672960,Kazuma Okamoto,TOR,0,0,0.0,0
807747,Rikuu Nishida,CWS,0,0,0.0,0
646240,Rafael Devers,SF,0,0,0.0,0
687221,Dalton Rushing,LAD,0,0,0.0,0
572233,Christian Walker,HOU,0,0,0.0,0
605170,Victor Caratini,MIN,0,0,0.0,0
676724,Jared Young,NYM,0,0,0.0,0
656305,Matt Chapman,SF,0,2,0.0,0
694371,Tommy Troy,AZ,0,0,0.0,0
683227,Cody Freeman,TEX,0,0,0.0,0
687093,Vaughn Grissom,LAA,0,0,0.0,0
681351,Logan O'Hoppe,LAA,0,0,0.0,0
700932,Kyle Manzardo,CLE,0,0,0.0,0
669720,Austin Hays,CWS,0,1,0.0,0
694514,Sterlin Thompson,COL,0,0,0.0,0
664731,P.J. Higgins,CIN,0,0,0.0,0
691019,Kyle Teel,CWS,0,0,0.0,0
694378,Jacob Gonzalez,CWS,0,0,0.0,0
687551,Drew Gilbert,SF,0,3,0.0,0
543309,Kyle Higashioka,TEX,0,0,0.0,0
681481,Kerry Carpenter,DET,0,0,0.0,0
665804,Miguel Amaya,CHC,0,0,0.0,0
676439,Hunter Feduccia,TB,0,0,0.0,0
624585,Jorge Soler,LAA,0,0,0.0,0
596142,Gary Sánchez,MIL,0,0,0.0,0
669899,Ryan Ward,LAD,0,0,0.0,0
663886,Tyler Stephenson,CIN,0,1,0.0,0
670156,Miles Mastrobuoni,SEA,0,0,0.0,0
676572,Eric Wagaman,NYM,0,0,0.0,0
671655,George Valera,CLE,0,0,0.0,0
695020,Tanner Murray,CWS,0,0,0.0,0
668901,Mark Vientos,NYM,0,0,0.0,0
543877,Christian Vázquez,HOU,0,0,0.0,0
620443,Luis Torrens,NYM,0,0,0.0,0
672284,Jarred Kelenic,TEX,0,1,0.0,0
664954,Brett Sullivan,COL,0,0,0.0,0
699013,Esmerlyn Valdez,PIT,0,0,0.0,0
553993,Eugenio Suárez,CIN,0,0,0.0,0
624428,Adam Frazier,LAA,0,0,0.0,0
681807,David Fry,CLE,0,0,0.0,0
679529,Spencer Torkelson,DET,0,1,0.0,0
624431,Jose Trevino,CIN,0,0,0.0,0
542303,Marcell Ozuna,PIT,0,0,0.0,0
543510,James McCann,AZ,0,0,0.0,0
663609,Luken Baker,AZ,0,0,0.0,0
691373,Jhostynxon Garcia,PIT,0,0,0.0,0
606992,Eric Haase,SF,0,0,0.0,0
694876,Cooper Ingle,CLE,0,0,0.0,0
805347,Jim Jarvis,ATL,0,0,0.0,0
682641,Luis Matos,MIL,0,0,0.0,0
677595,Ronny Mauricio,NYM,0,0,0.0,0
695681,Christian Moore,LAA,0,1,0.0,0
521692,Salvador Perez,KC,0,0,0.0,0
642133,Rowdy Tellez,ATL,0,0,0.0,0
669717,Will Wilson,SEA,0,0,0.0,0
518595,Travis d'Arnaud,LAA,0,0,0.0,0
694377,Nick Yorke,PIT,0,0,0.0,0
672386,Alejandro Kirk,TOR,0,0,0.0,0
672820,Lenyn Sosa,TOR,0,0,0.0,0
669357,Nolan Gorman,STL,0,1,0.0,0
683748,Victor Mesa Jr.,TB,0,2,0.0,0
457705,Andrew McCutchen,TEX,0,0,0.0,0
669004,MJ Melendez,NYM,0,1,0.0,0
701305,Zach Dezenzo,HOU,0,0,0.0,0
641555,J.C. Escarra,NYY,0,0,0.0,0
686452,Drew Millas,WSH,0,0,0.0,0
641598,Mitch Garver,SEA,0,0,0.0,0
621438,Tyrone Taylor,NYM,0,1,0.0,0
680728,Adrian Del Castillo,AZ,0,0,0.0,0
692216,CJ Kayfus,CLE,0,0,0.0,0
678489,Jorge Barrosa,AZ,0,0,0.0,0
593871,Jorge Polanco,NYM,0,0,0.0,0
682877,Juan Brito,CLE,0,0,0.0,0
666464,Jerar Encarnacion,SF,0,0,0.0,0
694410,LuJames Groover,AZ,0,0,0.0,0
669087,Sam Huff,BAL,0,0,0.0,0
656555,Rhys Hoskins,CLE,0,0,0.0,0
624512,Reese McGuire,CWS,0,0,0.0,0
694374,Tim Tawa,AZ,0,2,0.0,0
664056,Harrison Bader,SF,0,0,0.0,0
701852,Drew Cavanaugh,SF,0,0,0.0,0
691907,Tsung-Che Cheng,BOS,0,1,0.0,0
623168,Tyler Heineman,LAA,0,0,0.0,0
680737,Michael Helman,TEX,0,0,0.0,0
663697,Jonathan India,KC,0,0,0.0,0
690291,Jace Jung,DET,0,0,0.0,0
805672,Collin Price,HOU,0,0,0.0,0
596117,Garrett Stubbs,PHI,0,0,0.0,0
670242,Matt Wallner,MIN,0,1,0.0,0
669224,Austin Wells,NYY,0,0,0.0,0
807727,Charles McAdoo,TOR,0,0,0.0,0
670097,Zack Short,NYM,0,0,0.0,0
605244,Aramis Garcia,AZ,0,0,0.0,0
694025,Felix Reyes,PHI,0,0,0.0,0
602104,Ramón Urías,STL,0,1,0.0,0
669398,Gage Workman,DET,0,0,0.0,0
805904,Zach Cole,HOU,0,0,0.0,0
699625,Jimmy Crooks,STL,0,0,0.0,0
656976,Pavin Smith,AZ,0,0,0.0,0
665953,Andrés Chaparro,WSH,0,0,0.0,0
672642,Steward Berroa,PHI,0,0,0.0,0
660710,Rodolfo Durán,SD,0,0,0.0,0
669288,Daniel Johnson,HOU,0,0,0.0,0
666310,Bo Naylor,CLE,0,0,0.0,0
690022,Ryan Ritter,COL,0,0,0.0,0
669256,Nick Solak,SD,0,0,0.0,0
666023,Freddy Fermin,SD,0,1,0.0,0
663330,Jahmai Jones,DET,0,2,0.0,0
608701,Rob Refsnyder,SEA,0,0,0.0,0
663584,Hayden Senger,NYM,0,0,0.0,0
694376,Shay Whitcomb,HOU,0,0,0.0,0
669208,Ryan Bliss,SEA,0,0,0.0,0
608841,Joey Meneses,ATH,0,0,0.0,0
642020,Chuckie Robinson,LAD,0,0,0.0,0
621550,Patrick Wisdom,SEA,0,0,0.0,0
677956,Rece Hinds,CIN,0,0,0.0,0
687282,Gabriel Rincones Jr.,PHI,0,0,0.0,0
665561,Rafael Marchán,PHI,0,0,0.0,0
682634,Kevin Alcántara,CHC,0,1,0.0,0
600869,Jeimer Candelario,LAA,0,0,0.0,0
700246,Carson Williams,TB,0,0,0.0,0
660644,Vidal Bruján,NYM,0,1,0.0,0
686554,Oliver Dunn,TB,0,0,0.0,0
506702,Sandy León,ATL,0,0,0.0,0
686823,Will Brennan,SF,0,0,0.0,0
628451,Andy Ibáñez,NYM,0,0,0.0,0
467793,Carlos Santana,AZ,0,0,0.0,0
805249,Otto Kemp,PHI,0,0,0.0,0
642851,Austin Wynns,ATL,0,0,0.0,0
683766,Christian Koss,SF,0,0,0.0,0
669221,Sean Murphy,ATL,0,0,0.0,0
663967,César Salazar,HOU,0,0,0.0,0
680718,Addison Barger,TOR,0,0,0.0,0
677060,Chad Stevens,COL,0,0,0.0,0
690925,Clayton Beeter,WSH,0,0,0.0,0
621112,Paul Blackburn,NYY,0,0,0.0,0
680694,Kyle Bradish,BAL,0,0,0.0,0
666185,Dylan Carlson,CHC,0,0,0.0,0
547973,Aroldis Chapman,BOS,0,0,0.0,0
669360,Trei Cruz,DET,0,0,0.0,0
676263,Jack Dreyer,LAD,0,0,0.0,0
661395,Jhoan Duran,PHI,0,0,0.0,0
685126,Brandon Eisert,CWS,0,0,0.0,0
668674,Lucas Erceg,KC,0,0,0.0,0
608032,Carlos Estévez,KC,0,0,0.0,0
664126,Pete Fairbanks,MIA,0,0,0.0,0
693459,Kyler Fedko,MIN,0,1,0.0,0
607536,Kyle Freeland,COL,0,0,0.0,0
800311,Didier Fuentes,ATL,0,0,0.0,0
670329,Rico Garcia,BAL,0,0,0.0,0
806188,Cade Gibson,MIA,0,0,0.0,0
669372,J.T. Ginn,ATH,0,0,0.0,0
668974,Maverick Handley,BAL,0,0,0.0,0
695391,Brett Harris,ATH,0,0,0.0,0
683618,Edgardo Henriquez,LAD,0,0,0.0,0
656529,Sam Hentges,SF,0,0,0.0,0
623474,Jimmy Herget,COL,0,0,0.0,0
675448,Blake Hunt,SD,0,0,0.0,0
628452,Raisel Iglesias,ATL,0,0,0.0,0
687531,William Kempner,MIA,0,0,0.0,0
671083,Buddy Kennedy,SF,0,0,0.0,0
596146,Max Kepler,AZ,0,0,0.0,0
689147,Orion Kerkering,PHI,0,0,0.0,0
641755,Tyler Kinley,ATL,0,0,0.0,0
656638,Alex Lange,KC,0,0,0.0,0
656641,Jacob Latz,TEX,0,0,0.0,0
695418,Brad Lord,WSH,0,0,0.0,0
642528,Jonathan Loáisiga,AZ,0,0,0.0,0
625643,Reynaldo López,ATL,0,0,0.0,0
656730,Trevor Megill,MIL,0,0,0.0,0
703492,Nick Morabito,NYM,0,1,0.0,0
640459,Brian Navarreto,MIA,0,0,0.0,0
694037,Daniel Palencia,CHC,0,0,0.0,0
694477,Chad Patrick,MIL,0,0,0.0,0
678022,Jack Perkins,ATH,0,0,0.0,0
502054,Tommy Pham,NYM,0,0,0.0,0
693409,César Prieto,STL,0,0,0.0,0
691620,Jeferson Quero,MIL,0,0,0.0,0
687377,Orlando Ribalta,WSH,0,0,0.0,0
670950,Trevor Richards,CWS,0,0,0.0,0
702275,JR Ritchie,ATL,0,0,0.0,0
671286,Johnathan Rodríguez,BAL,0,0,0.0,0
669020,Ryan Rolison,CHC,0,0,0.0,0
687606,Paxton Schultz,WSH,0,0,0.0,0
657756,Connor Seabold,KC,0,0,0.0,0
622608,Antonio Senzatela,COL,0,0,0.0,0
663767,Chase Shugart,PHI,0,0,0.0,0
672279,Michael Siani,BAL,0,0,0.0,0
671922,Cade Smith,CLE,0,0,0.0,0
681916,Dylan Smith,SF,0,0,0.0,0
666277,George Soriano,STL,0,0,0.0,0
642100,Gabe Speier,SEA,0,0,0.0,0
663158,Robert Suarez,ATL,0,0,0.0,0
573204,Caleb Thielbar,CHC,0,0,0.0,0
676568,Ricky Vanasco,DET,0,0,0.0,0
681402,Gus Varland,WSH,0,0,0.0,0
681911,Alex Vesia,LAD,0,0,0.0,0
676684,Will Vest,DET,0,0,0.0,0
680767,Victor Vodnik,COL,0,0,0.0,0
596133,Luke Weaver,NYM,0,0,0.0,0
673995,Davis Wendzel,PIT,0,0,0.0,0
676477,Garrett Whitlock,BOS,0,0,0.0,0
642207,Devin Williams,NYM,0,0,0.0,0
663897,Luke Williams,ATL,0,0,0.0,0
676775,Keaton Winn,SF,0,0,0.0,0
