grade,stars,batting_team,batter,batter_id,batter_hand,lineup_slot,lineup_confirmed,pitcher,pitcher_id,pitcher_hand,pitcher_team,top_pitches,game_id,game_time,home_team,away_team,total_flags,weighted_flag_score,in_slump,is_diamond,is_contact_pick,is_fallback,recent_flag_count,bvp_flag_count,vs_hand_flag_count,hist_hand_flag_count,hr_intent_score,season_pa,vs_hand_pa,recent_games_total,recent_games_both,recent_consistency_pct,pitcher_fb_pct_allowed,pitcher_hh_pct_allowed,pitcher_pa_faced,pitcher_meatball_pct,batter_meatball_score,meatball_matchup_score,bullpen_era,bullpen_hr9,bullpen_whip,bullpen_ip,bullpen_hr_rank,discipline_flag,discipline_score,season_chase_k_pct,recent_chase_k_pct,season_bb_pct,recent_bb_pct,oz_swing_pct,sim_pa,sim_h,sim_hr,sim_hr_adj,sim_2b,sim_3b,sim_bb,sim_k,sim_tb,sim_rbi,proj_hr_adj,proj_hit_prob,proj_xbh_prob,proj_avg_tb,proj_avg_rbi,recent_pa,recent_hr_count,ab_since_hr,recent_consec_hr_games,barrel_quality_score,recent_pulled_barrel_pct,recent_batter_ahead_pct,recent_iso,recent_sweet_spot_pct,recent_meatball_hr_rate,season_swstr_pct,season_woba,season_xwoba,blended_woba,blended_xwoba,l7_iso,l7_woba,l7_xwoba,zone_fit,gHR,gHR_yv2,recent_iso_yv2,season_iso,ps_score,ps_score_v2,hr_yesterday,so_close_count,so_close_max_dist,so_close_max_ev,so_close_reasons,ps_convergence,ps_conv_pitch,la_stddev,la_mean_l15,la_locked,bat_speed_vs_baseline,bat_speed_peaking,pitcher_count_mb_pct,fastball_velo_decay,pitcher_velo_declining,recent_avg_ev,recent_hh_pct,recent_avg_bat_speed,recent_batter_ahead_pct,recent_ev_flag,recent_barrel_pct,recent_barrel_flag,recent_fb_pct,recent_fb_flag,recent_avg_la,recent_la_flag,bvp_pa,bvp_hr_count,bvp_hr_by_pitch,bvp_avg_ev,bvp_hh_pct,bvp_avg_bat_speed,bvp_batter_ahead_pct,bvp_ev_flag,bvp_barrel_pct,bvp_barrel_flag,bvp_fb_pct,bvp_fb_flag,bvp_avg_la,bvp_la_flag,vs_hand_pa,vs_hand_hr_count,vs_hand_avg_ev,vs_hand_hh_pct,vs_hand_ev_flag,vs_hand_barrel_pct,vs_hand_barrel_flag,vs_hand_fb_pct,vs_hand_fb_flag,vs_hand_avg_la,vs_hand_la_flag,vs_hand_hr_rate,vs_hand_hit_rate,vs_hand_xbh_rate,hr_factor,wind_effect,temp_f,condition,pitcher_grade_label,pitcher_grade_label_vsL,pitcher_grade_label_vsR,pitcher_ip,zone_fit_season,recent_chase_pct,recent_zone_swing_pct,recent_avg_attack_angle,recent_attack_angle_stddev,recent_avg_swing_length,bvp_chase_pct,bvp_zone_swing_pct,bvp_avg_attack_angle,bvp_attack_angle_stddev,bvp_avg_swing_length,vs_hand_chase_pct,vs_hand_zone_swing_pct,vs_hand_avg_attack_angle,vs_hand_attack_angle_stddev,vs_hand_avg_swing_length,hist_hand_chase_pct,hist_hand_zone_swing_pct,hist_hand_avg_attack_angle,hist_hand_attack_angle_stddev,hist_hand_avg_swing_length,pitcher_upper_zone_pct,zone_fit_spatial,chance_of_rain_peak,is_dome,bvp_iso,bvp_pull_pct,bvp_fb350_count,pitcher_games_started
B,2,ATL,Ozzie Albies,645277,L,0,False,Yoshinobu Yamamoto,808967,Right,LAD,"FS, FF, FC, SI",849819,06:00 PM,ATL,LAD,6,1.85,False,False,False,False,3,2,1,0,0.4326,666,405,6,3,50.0,15.4,24.1,684,54.2,0.2316,0.0,4.36,1.17,1.34,316.0,14,⬜ Neutral,56.0,0.0,,7.8,,38.1,4.2,0.731,0.233,0.233,0.055,0.083,0.709,0.648,1.651,0.36,0.0556,0.1746,0.0887,0.3943,0.0861,24,2,4,0,2,4.2,37.5,0.194,20.8,25.0,12.5,0.303,0.284,0.324,0.0,0.444,0.455,0.0,2.566,35,35,0.194,0.154,30,30,0,1,397.0,102.1,deep fly ball 397ft 102mph | triple 102mph EV,6.2,FF,20.99,17.0,False,2.92,True,54.5,0.01,False,93.4,29.2,71.2,37.5,True,12.5,True,25.0,True,12.7,False,246,10,FS(30%):0/39pa  |  FF(23%):11/190pa  |  FC(15%):1/47pa  |  SI(14%):4/93pa,88.6,21.5,68.0,39.4,False,2.0,False,28.0,True,22.8,True,405,13,87.5,18.8,False,2.0,False,25.4,True,19.6,False,3.21,18.5,6.7,1.0,,,,‼️ Elite,⚠️ Tough,⚠️ Tough,183.7,2.566,41.7,79.2,14.7,7.2,7.2,44.3,80.5,12.1,8.2,7.1,49.9,83.2,12.3,9.0,7.1,100.0,100.0,,,,2.5,5.69,,,0.187,44.3,19.0,28
B,2,ATL,Matt Olson,621566,L,0,False,Yoshinobu Yamamoto,808967,Right,LAD,"FS, FF, FC, SI",849819,06:00 PM,ATL,LAD,8,1.793,True,False,False,False,1,3,2,2,0.2591,678,398,6,1,16.7,15.4,24.1,684,54.2,0.2832,0.0,4.36,1.17,1.34,316.0,14,🟢 Disciplined,59.0,0.0,,8.5,,27.9,4.3,0.744,0.22,0.22,0.109,0.0,0.427,1.055,1.513,0.271,0.0516,0.1749,0.0773,0.3555,0.0637,24,1,8,0,3,0.0,45.8,0.236,16.7,11.1,17.0,0.346,0.356,0.328,0.0,0.143,0.219,0.0,4.227,18,18,0.236,0.251,31,31,0,2,381.0,107.7,deep fly ball 381ft 98mph | deep line drive 366ft 108mph,12.8,FC,33.41,13.6,False,0.96,False,54.5,0.01,False,89.8,20.8,72.4,45.8,False,8.3,True,12.5,False,19.9,False,228,13,FS(30%):0/17pa  |  FF(23%):9/206pa  |  FC(15%):6/56pa  |  SI(14%):7/121pa,94.5,40.4,74.1,45.2,True,6.1,True,25.4,True,18.9,False,398,24,92.9,35.2,False,5.8,True,22.6,True,18.7,False,6.03,21.4,10.1,1.0,,,,‼️ Elite,⚠️ Tough,⚠️ Tough,183.7,4.227,54.2,70.8,11.0,11.7,7.7,37.7,86.8,5.9,9.9,7.3,43.5,85.7,9.2,10.6,7.6,0.0,100.0,,,,2.5,9.11,,,0.24,29.4,26.0,28
C,1,ATL,Michael Harris II,671739,L,0,False,Yoshinobu Yamamoto,808967,Right,LAD,"FS, FF, FC, SI",849819,06:00 PM,ATL,LAD,5,0.74,True,False,False,False,1,2,0,2,0.5945,616,385,5,0,0.0,15.4,24.1,684,54.2,0.3985,0.0,4.36,1.17,1.34,316.0,14,⬜ Neutral,52.0,0.0,,3.3,,45.1,4.0,1.388,0.172,0.172,0.252,0.064,0.185,0.596,2.285,0.419,0.0424,0.3428,0.1207,0.5643,0.1034,22,1,9,0,2,9.1,31.8,0.209,18.2,0.0,14.9,0.358,0.334,0.371,0.0,0.3,0.46,0.0,4.101,29,29,0.209,0.196,27,27,0,2,362.0,106.7,triple 92mph EV | deep line drive 362ft 107mph | double 107mph EV,13.4,FF,28.19,13.5,False,0.08,False,54.5,0.01,False,86.0,27.3,70.0,31.8,False,9.1,True,9.1,False,2.7,False,196,8,FS(30%):2/25pa  |  FF(23%):4/124pa  |  FC(15%):2/39pa  |  SI(14%):1/127pa,93.0,43.4,73.7,35.7,True,5.6,True,16.3,False,8.7,False,385,19,92.4,40.0,False,4.4,False,19.0,False,9.9,False,4.94,28.8,11.4,1.0,,,,‼️ Elite,⚠️ Tough,⚠️ Tough,183.7,4.101,63.6,81.8,7.3,8.2,7.7,50.0,81.1,3.8,7.6,7.7,55.3,79.2,6.9,8.3,8.1,50.0,100.0,,,,2.5,7.12,,,0.204,31.6,16.0,28
A,3,LAD,Teoscar Hernández,606192,R,0,False,Chris Sale,519242,Left,ATL,"SL, FF, CH, SI",849819,06:00 PM,ATL,LAD,6,1.85,False,False,False,False,3,2,1,0,0.5811,472,147,3,0,0.0,15.1,21.9,635,50.2,0.2021,0.0,3.08,0.84,1.1,301.0,27,🟢 Disciplined,59.0,0.0,,8.1,,31.2,3.9,0.917,0.263,0.263,0.046,0.023,0.253,1.029,1.797,0.572,0.067,0.2335,0.0845,0.4577,0.1456,11,1,4,0,3,9.1,18.2,0.166,27.3,16.7,22.0,0.326,0.32,0.322,0.0,0.273,0.271,0.0,2.035,31,31,0.166,0.158,38,38,0,2,335.0,106.9,rocket LD 107mph | deep fly ball 335ft 92mph,16.2,SL,26.44,20.9,False,2.32,True,47.1,-0.36,False,94.2,18.2,71.2,18.2,True,9.1,True,36.4,True,21.6,False,111,6,SL(42%):2/69pa  |  FF(38%):5/136pa  |  CH(11%):3/54pa  |  SI(9%):2/84pa,92.5,31.5,71.6,31.5,False,9.9,True,24.3,True,15.6,False,147,7,91.4,28.6,False,8.2,True,21.1,False,14.5,False,4.76,26.5,8.8,1.0,,,,‼️ Elite,‼️ Elite,‼️ Elite,162.3,2.035,36.4,90.9,5.7,13.2,7.7,49.5,81.1,9.6,8.4,7.6,51.0,76.2,10.3,9.2,7.6,,,,,,6.0,4.47,,,0.222,29.7,10.0,27
B,2,LAD,Mookie Betts,605141,R,0,False,Chris Sale,519242,Left,ATL,"SL, FF, CH, SI",849819,06:00 PM,ATL,LAD,5,1.1,True,False,False,False,0,2,2,1,0.206,524,173,3,0,0.0,15.1,21.9,635,50.2,0.1726,0.0,3.08,0.84,1.1,301.0,27,🟢 Disciplined,59.0,0.0,,10.1,,20.3,4.3,0.741,0.118,0.118,0.079,0.0,0.707,0.707,1.174,0.217,0.0275,0.1723,0.0458,0.273,0.0504,10,0,7,0,0,0.0,60.0,0.197,10.0,0.0,6.3,0.338,0.336,0.335,0.0,0.0,0.297,0.0,2.722,13,13,0.197,0.197,22,22,0,0,0.0,0.0,,10.8,FF,22.81,30.5,False,-4.34,False,47.1,-0.36,False,85.8,10.0,64.7,60.0,False,0.0,False,10.0,False,7.0,False,142,6,SL(42%):2/71pa  |  FF(38%):12/164pa  |  CH(11%):1/55pa  |  SI(9%):1/109pa,91.4,31.0,69.4,35.9,False,6.3,True,28.9,True,19.1,False,173,8,91.3,31.2,False,6.4,True,28.3,True,20.2,False,4.62,22.0,7.5,1.0,,,,‼️ Elite,‼️ Elite,‼️ Elite,162.3,2.722,20.0,60.0,2.7,7.1,6.8,31.0,79.6,6.9,9.3,6.9,27.2,80.3,7.4,8.9,7.0,,,,,,6.0,6.5,,,0.171,39.4,15.0,27
B,2,LAD,Hunter Feduccia,676439,L,0,False,Chris Sale,519242,Left,ATL,"SL, FF, CH, SI",849819,06:00 PM,ATL,LAD,4,1.05,False,False,False,False,1,2,1,0,0.2268,238,41,3,0,0.0,15.1,21.9,635,50.2,0.3433,0.0,3.08,0.84,1.1,301.0,27,🟢 Disciplined,59.0,0.0,,10.7,,24.4,2.8,0.184,0.0,0.0,0.061,0.0,0.161,0.406,0.245,0.0,0.0,0.065,0.0217,0.0867,0.0,10,0,61,0,0,0.0,30.0,0.092,20.0,0.0,15.5,0.27,0.302,0.258,0.0,0.0,0.07,0.0,0.744,10,10,0.092,0.092,20,20,0,1,357.0,96.3,deep fly ball 357ft 96mph,8.5,FF,33.62,13.8,False,-2.19,False,47.1,-0.36,False,87.4,20.0,68.6,30.0,False,0.0,False,40.0,True,10.5,False,30,0,SL(42%):0/23pa  |  FF(38%):2/75pa  |  CH(11%):0/27pa  |  SI(9%):0/40pa,84.8,20.0,67.6,43.3,False,6.7,True,26.7,True,14.2,False,41,0,85.1,22.0,False,4.9,False,29.3,True,17.4,False,0.0,9.8,4.9,1.0,,,,‼️ Elite,‼️ Elite,‼️ Elite,162.3,0.744,30.0,80.0,5.3,5.9,6.7,33.3,93.3,6.1,18.6,6.7,31.7,92.7,8.3,16.9,6.8,,,,,,6.0,1.23,,,0.034,33.3,2.0,27
B,2,MIL,Jackson Chourio,694192,R,0,False,Nick Pivetta,601713,Right,SD,"FF, CU, ST, FC",849826,09:30 PM,SD,MIL,5,1.15,False,False,False,False,2,1,0,2,0.5565,579,404,3,0,0.0,23.7,26.7,135,54.1,0.2552,0.0,2.79,0.75,1.16,335.7,30,⬜ Neutral,56.0,0.0,0.0,7.1,0.0,33.8,4.5,1.352,0.271,0.271,0.115,0.0,0.286,0.737,2.282,0.847,0.0604,0.3012,0.0861,0.5082,0.1886,14,1,5,0,3,7.1,14.3,0.198,50.0,0.0,15.7,0.369,0.356,0.382,0.0,0.231,0.517,0.0,3.261,38,38,0.198,0.195,27,27,0,2,152.0,109.5,rocket LD 110mph | rocket LD 110mph,7.8,FF,33.44,8.1,False,1.27,False,,-0.02,False,94.9,50.0,75.5,14.3,True,7.1,True,14.3,False,7.9,False,202,11,FF(52%):9/149pa  |  CU(18%):0/26pa  |  ST(13%):3/54pa  |  FC(12%):3/50pa,90.9,29.7,72.2,22.3,False,3.5,False,26.7,True,17.0,False,404,16,91.6,31.7,False,3.5,False,21.3,False,12.9,False,3.96,25.5,8.2,1.0,,,,‼️ Elite,‼️ Elite,🤔 Average,34.7,3.261,7.7,92.3,12.5,5.6,7.3,50.7,80.6,10.1,7.1,7.2,48.9,79.9,10.0,7.1,7.3,50.0,100.0,,,,8.1,7.46,,,0.218,20.8,24.0,8
B,2,MIL,William Contreras,661388,R,0,False,Nick Pivetta,601713,Right,SD,"FF, CU, ST, FC",849826,09:30 PM,SD,MIL,4,1.05,False,False,False,False,2,1,0,1,0.2969,624,445,3,0,0.0,23.7,26.7,135,54.1,0.2513,0.0,2.79,0.75,1.16,335.7,30,🟢 Disciplined,59.0,0.0,,9.2,,28.3,4.3,0.844,0.248,0.248,0.139,0.0,0.538,0.582,1.728,0.262,0.0576,0.1961,0.09,0.4014,0.0609,10,1,4,0,2,0.0,60.0,0.161,30.0,0.0,9.1,0.329,0.34,0.336,0.0,0.375,0.438,0.0,2.056,26,26,0.161,0.147,28,28,0,0,0.0,0.0,,6.1,FF,29.57,13.5,False,1.78,True,,-0.02,False,94.1,50.0,75.2,60.0,True,10.0,True,20.0,False,12.3,False,201,7,FF(52%):4/155pa  |  CU(18%):0/29pa  |  ST(13%):2/59pa  |  FC(12%):4/49pa,90.3,32.3,71.4,35.3,False,4.0,False,24.9,True,21.2,False,445,14,90.4,34.4,False,4.5,False,20.0,False,13.6,False,3.15,23.6,7.4,1.0,,,,‼️ Elite,‼️ Elite,🤔 Average,34.7,2.056,40.0,100.0,9.6,6.2,7.6,42.8,80.1,8.5,7.0,7.1,39.8,80.9,8.6,7.7,7.2,33.3,100.0,,,,8.1,4.84,,,0.17,26.9,14.0,8
B,2,SD,Jackson Merrill,701538,L,0,False,Dustin May,669160,Right,MIL,"FC, SI, FF, ST",849826,09:30 PM,SD,MIL,8,1.34,True,False,False,False,1,3,1,3,0.4847,653,466,4,1,25.0,16.4,29.4,605,52.6,0.2561,0.0,3.49,0.86,1.23,399.7,26,⬜ Neutral,56.0,0.0,,6.2,,37.6,4.2,1.04,0.116,0.116,0.116,0.021,0.338,1.113,1.544,0.371,0.0277,0.2491,0.0605,0.37,0.089,17,0,42,0,3,5.9,17.6,0.186,23.5,0.0,18.7,0.325,0.34,0.323,0.0,0.0,0.301,0.0,2.685,22,22,0.186,0.186,25,25,0,1,330.0,99.4,deep fly ball 330ft 99mph,14.7,FC,28.69,7.0,False,-2.24,False,41.5,-0.87,False,88.7,29.4,68.2,17.6,False,5.9,True,17.6,False,15.5,False,258,11,FC(24%):3/47pa  |  SI(23%):1/79pa  |  FF(23%):8/213pa  |  ST(20%):2/41pa,93.5,35.7,72.9,32.2,True,8.5,True,22.5,True,16.9,False,466,19,90.8,33.0,False,6.9,True,19.7,False,13.9,False,4.08,22.5,8.6,1.0,,,,💥 Hittable,💥 Hittable,⚠️ Tough,290.0,2.685,41.2,100.0,13.6,6.9,7.6,51.2,84.9,7.5,10.1,7.2,54.5,83.0,9.9,11.0,7.5,,,,,,7.4,6.57,,,0.207,28.3,27.0,31
C,1,SD,Ethan Salas,806956,L,0,False,Dustin May,669160,Right,MIL,"FC, SI, FF, ST",849826,09:30 PM,SD,MIL,4,1.0,False,False,True,False,0,2,2,0,0.2468,46,38,4,0,0.0,16.4,29.4,605,52.6,0.1561,0.0,3.49,0.86,1.23,399.7,26,⬜ Neutral,56.0,0.0,,4.2,,31.5,2.5,0.985,0.126,0.126,0.0,0.063,0.0,0.493,1.491,0.404,0.05,0.39,0.075,0.59,0.16,10,0,23,0,0,0.0,30.0,0.205,40.0,0.0,13.0,0.302,0.253,0.305,0.0,0.0,0.353,0.0,1.697,13,13,0.205,0.205,24,24,0,1,330.0,104.5,deep line drive 330ft 104mph,11.9,FF,24.51,20.7,False,0.01,False,41.5,-0.87,False,90.1,50.0,67.7,30.0,False,0.0,False,10.0,False,20.2,False,26,2,FC(24%):0/4pa  |  SI(23%):0/4pa  |  FF(23%):2/19pa  |  ST(20%):0/6pa,92.4,38.5,72.2,30.8,False,3.8,False,34.6,True,26.0,True,38,2,91.0,28.9,False,2.6,False,28.9,True,25.9,True,5.26,26.3,7.9,1.0,,,,💥 Hittable,💥 Hittable,⚠️ Tough,290.0,1.697,40.0,90.0,9.6,10.1,7.0,46.2,88.5,8.3,9.5,6.8,50.0,81.6,8.3,8.8,6.8,,,,,,7.4,7.36,,,0.32,30.8,4.0,31
C,1,SD,Manny Machado,592518,R,0,False,Dustin May,669160,Right,MIL,"FC, SI, FF, ST",849826,09:30 PM,SD,MIL,2,0.8,False,False,False,False,2,0,0,0,0.594,664,508,5,1,20.0,16.4,29.4,605,52.6,0.2459,0.0,3.49,0.86,1.23,399.7,26,🟢 Disciplined,59.0,0.0,,10.8,,30.5,4.2,1.073,0.224,0.224,0.248,0.0,0.649,0.741,1.992,0.356,0.0531,0.2548,0.1119,0.4729,0.0845,19,1,10,0,2,5.3,47.4,0.206,36.8,0.0,14.9,0.32,0.34,0.344,0.0,0.333,0.531,0.0,3.414,28,28,0.206,0.19,28,28,0,2,398.0,108.0,deep line drive 398ft 108mph | double 108mph EV | double 105mph EV,10.4,FF,34.79,5.5,False,1.22,False,41.5,-0.87,False,96.1,42.1,76.0,47.4,True,10.5,True,5.3,False,13.9,False,356,19,FC(24%):4/48pa  |  SI(23%):4/130pa  |  FF(23%):14/193pa  |  ST(20%):2/71pa,91.8,35.4,74.1,35.4,False,4.2,False,19.9,False,14.1,False,508,24,89.5,29.1,False,3.3,False,18.3,False,13.6,False,4.72,19.1,7.5,1.0,,,,💥 Hittable,💥 Hittable,⚠️ Tough,290.0,3.414,21.1,89.5,6.9,6.6,7.8,39.3,80.9,6.6,8.1,7.8,44.1,80.9,7.6,7.8,7.9,,,,,,7.4,7.94,,,0.224,28.4,27.0,31
