Team,Batter ID,Player Name,Position,Injury Description,Expected Return,Severity,Status
ATH,667670,Brent Rooker,DH,Bone bruise in left knee.,,🟢,Injured 60-Day
ATH,621139,Brooks Kriske,P,Right shoulder impingement,,⚪,Injured 60-Day
ATH,680684,Gunnar Hoglund,P,Sprained right knee.,,🟡,Injured 60-Day
ATH,669372,J.T. Ginn,P,Right elbow impingement.,,⚪,Injured 60-Day
ATH,805779,Jacob Wilson,SS,Left shoulder subluxation.,,⚪,Injured 60-Day
ATH,686993,Justin Sterner,P,Right knee chondromalacia.,,⚪,Injured 60-Day
ATH,622663,Luis Severino,P,Right shoulder strain.,,🟡,Injured 60-Day
ATH,643410,Mark Leiter Jr.,P,Right hip impingement.,,⚪,Injured 60-Day
ATH,701762,Nick Kurtz,1B,Strained right thumb.,,🟡,Injured 60-Day
ATH,691016,Tyler Soderstrom,LF,Left hip impingement.,,⚪,Injured 60-Day
ATL,694462,Hurston Waldrep,P,Right elbow UCL injury.,,⚪,Injured 60-Day
ATL,641729,Joe Jiménez,P,Injured 60-Day,,⚪,Injured 60-Day
ATL,666214,Joey Wentz,P,Right knee ACL tear.,,🔴,Injured 60-Day
ATL,527048,Martín Pérez,P,Low back inflammation.,,🟡,Injured 15-Day
ATL,680885,Spencer Schwellenbach,P,Injured 60-Day,,⚪,Injured 60-Day
ATL,675911,Spencer Strider,P,Right elbow inflammation.,,🟡,Injured 60-Day
AZ,640462,A.J. Puk,P,Left ulnar collateral ligament surgery recovery.,,🔴,Injured 60-Day
AZ,685314,Andrew Saalfrank,P,Left labrum repair surgery.,,🔴,Injured 60-Day
AZ,691441,Cristian Mena,P,Right shoulder strain,,🟡,Injured 60-Day
AZ,657044,Ryan Thompson,P,Strained lower back.,,🟡,Injured 60-Day
AZ,682988,Tyler Locklear,1B,Fractured right thumb.,,🔴,Injured 60-Day
BAL,681882,Colin Selby,P,Right shoulder inflammation.,,🟡,Injured 60-Day
BAL,676059,Jordan Westburg,3B,Right elbow UCL sprain.,,🟡,Injured 60-Day
BAL,669211,Keegan Akin,P,Left elbow discomfort,,⚪,Injured 60-Day
BAL,680694,Kyle Bradish,P,Lower abdominal discomfort.,,⚪,Injured 60-Day
BAL,664854,Ryan Helsley,P,Right elbow discomfort.,,⚪,Injured 60-Day
BAL,663624,Ryan Mountcastle,1B,Left foot fracture,,🔴,Injured 60-Day
BAL,641933,Tyler O'Neill,RF,Right shoulder inflammation.,,🟡,Injured 60-Day
BAL,621107,Zach Eflin,P,Right elbow discomfort.,,⚪,Injured 60-Day
BOS,700842,Eduardo Rivera,P,Lumbar strain.,,🟡,Injured 60-Day
BOS,642201,Eli White,CF,Right foot ligament injury.,,⚪,Injured 60-Day
BOS,670912,Johan Oviedo,P,Right elbow strain..,,🟡,Injured 60-Day
BOS,686580,Justin Slaten,P,Right elbow inflammation.,,🟡,Injured 60-Day
BOS,676710,Kutter Crawford,P,Right wrist surgery,,🔴,Injured 60-Day
BOS,671213,Triston Casas,1B,Recovery from left patellar tendon repair,,⚪,Injured 60-Day
BOS,677161,Zack Kelly,P,Right elbow inflammation.,,🟡,Injured 60-Day
CHC,676962,Ben Brown,P,Neck strain.,,🟡,Injured 60-Day
CHC,690990,Cade Horton,P,Right forearm strain.,,🟡,Injured 60-Day
CHC,640451,Hunter Harvey,P,Right triceps inflammation.,,🟡,Injured 60-Day
CHC,657006,Justin Steele,P,Left elbow injury,,⚪,Injured 60-Day
CHC,664208,Phil Maton,P,Right knee tendinitis.,,⚪,Injured 60-Day
CHC,687863,Porter Hodge,P,Right elbow strain,,🟡,Injured 60-Day
CHC,702303,Riley Martin,P,Left elbow inflammation.,,🟡,Injured 60-Day
CHC,571946,Shelby Miller,P,Right Elbow UCL Injury,,⚪,Injured 60-Day
CHC,592122,Tyler Austin,1B,Right knee surgery.,,🔴,Injured 60-Day
CIN,694362,Blake Dunn,CF,Right elbow sprain.,,🟡,Injured 60-Day
CIN,668881,Hunter Greene,P,Right elbow soreness.,,🟡,Injured 60-Day
CIN,668715,Spencer Steer,1B,Right wrist sprain,,🟡,Injured 60-Day
COL,801403,Chase Dollander,P,Right elbow strain.,,🟡,Injured 60-Day
COL,592178,Kris Bryant,DH,Lumbar degenerative disk disease.,,⚪,Injured 60-Day
COL,685326,McCade Brown,P,Right shoulder inflammation.,,🟡,Injured 60-Day
COL,701487,Pierson Ohl,P,Injured 60-Day,,⚪,Injured 60-Day
COL,700327,Welinton Herrera,P,Left elbow inflammation.,,🟡,Injured 60-Day
CWS,681460,Brooks Baldwin,LF,Right elbow sprain,,🟡,Injured 60-Day
CWS,673929,Jordan Leasure,P,Right flexor strain.,,🟡,Injured 60-Day
CWS,681066,Ky Bush,P,Injured 60-Day,,⚪,Injured 60-Day
CWS,622491,Luis Castillo,P,Right shoulder impingement,,⚪,Injured 15-Day
CWS,678024,Mike Vasil,P,Tommy John surgery recovery.,,🔴,Injured 60-Day
CWS,672860,Prelander Berroa,P,Tommy John surgery recovery,,🔴,Injured 60-Day
CWS,695020,Tanner Murray,LF,Left shoulder dislocation.,,⚪,Injured 60-Day
DET,690544,Bailey Horn,P,Left elbow arthroscopy recovery,,⚪,Injured 60-Day
DET,572143,Burch Smith,P,Right shoulder inflammation.,,🟡,Injured 60-Day
DET,681481,Kerry Carpenter,RF,Left foot plantar fasciitis,,⚪,Injured 60-Day
DET,663837,Matt Vierling,CF,Left adductor strain,,🟡,Injured 60-Day
DET,678009,Parker Meadows,CF,Left radius fracture.,,🔴,Injured 60-Day
DET,681857,Reese Olson,P,Right Shoulder Labral Repair,,⚪,Injured 60-Day
DET,700242,Trey Sweeney,SS,Right shoulder strain,,🟡,Injured 60-Day
DET,672761,Wenceel Pérez,RF,Left orbital fracture.,,🔴,Injured 60-Day
DET,676684,Will Vest,P,Right posterior elbow inflammation.,,🟡,Injured 60-Day
HOU,687888,Brandon Walter,P,Left elbow surgery recovery,,🔴,Injured 60-Day
HOU,621043,Carlos Correa,SS,Left ankle tendon injury.,,⚪,Injured 60-Day
HOU,676694,Jake Meyers,CF,Left knee fracture,,🔴,Injured 60-Day
HOU,681347,Mike Burrows,P,Injured 60-Day,,⚪,Injured 60-Day
KC,679525,Alec Marsh,P,Right shoulder impingement.,,⚪,Injured 60-Day
KC,608032,Carlos Estévez,P,Left foot contusion.,,🟢,Injured 60-Day
KC,666142,Cole Ragans,P,Left elbow impingement.,,⚪,Injured 60-Day
KC,657756,Connor Seabold,P,Right lat strain.,,🟡,Injured 60-Day
KC,663697,Jonathan India,2B,Left shoulder subluxation.,,⚪,Injured 60-Day
KC,679883,Luinder Avila,P,Right forearm tightness.,,🟢,Injured 60-Day
KC,683232,Nick Mears,P,Right shoulder impingement.,,⚪,Injured 60-Day
KC,663568,Stephen Kolek,P,Right flexor strain.,,🟡,Injured 60-Day
LAA,543685,Anthony Rendon,3B,Left hip labrum surgery.,,🔴,Injured 60-Day
LAA,686799,Jack Kochanowicz,P,Right elbow inflammation.,,🟡,Injured 60-Day
LAA,596112,Robert Stephenson,P,Right elbow inflammation.,,🟡,Injured 60-Day
LAA,660162,Yoán Moncada,3B,Right knee inflammation.,,🟡,Injured 60-Day
LAD,676508,Ben Casparius,P,Right shoulder inflammation,,🟡,Injured 60-Day
LAD,595014,Blake Treinen,P,Right shoulder inflammation.,,🟡,Injured 15-Day
LAD,660813,Brusdar Graterol,P,Injured 60-Day,,⚪,Injured 60-Day
LAD,641778,Eric Lauer,P,Left elbow inflammation.,,🟡,Injured 60-Day
LAD,694813,Gavin Stone,P,Right shoulder inflammation.,,🟡,Injured 60-Day
LAD,664776,Jake Cousins,P,Injured 60-Day,,⚪,Injured 60-Day
LAD,694361,Will Klein,P,Right elbow discomfort.,,⚪,Injured 60-Day
MIA,800049,Adam Mazur,P,Right elbow surgery.,,🔴,Injured 60-Day
MIA,677053,Andrew Nardi,P,Left rib cage stress reaction.,,⚪,Injured 60-Day
MIA,702281,Robby Snelling,P,Injured 60-Day,,⚪,Injured 60-Day
MIA,678692,Ronny Henriquez,P,Right elbow surgery.,,🔴,Injured 60-Day
MIA,687531,William Kempner,P,Right elbow sprain.,,🟡,Injured 60-Day
MIL,683734,Andrew Vaughn,1B,Illness.,,⚪,Injured 10-Day
MIL,672582,Angel Zerpa,P,Left forearm tightness.,,🟢,Injured 60-Day
MIL,605540,Brandon Woodruff,P,Right shoulder inflammation.,,🟡,Injured 60-Day
MIL,702153,Brian Fitzpatrick,P,Left elbow injury,,⚪,Injured 60-Day
MIL,682990,Quinn Priester,P,Right thoracic outlet syndrome,,⚪,Injured 60-Day
MIN,607455,Anthony Banda,P,Left lat strain.,,🟡,Injured 60-Day
MIN,663485,Cole Sands,P,Right elbow strain.,,🟡,Injured 60-Day
MIN,701581,David Festa,P,Right shoulder impingement.,,⚪,Injured 60-Day
MIN,690953,Mick Abel,P,Right elbow inflammation.,,🟡,Injured 60-Day
MIN,702474,Mike Paredes,P,Left oblique strain.,,🟡,Injured 60-Day
MIN,641154,Pablo López,P,Tommy John surgery.,,🔴,Injured 60-Day
NYM,593871,Jorge Polanco,DH,Injured 60-Day,,⚪,Injured 60-Day
NYM,657585,Reed Garrett,P,Injured 60-Day,,⚪,Injured 60-Day
NYM,656731,Tylor Megill,P,Right elbow sprain.,,🟡,Injured 60-Day
NYY,657376,Clarke Schmidt,P,Right bicep neuritis.,,⚪,Injured 15-Day
NYY,518585,Fernando Cruz,P,Right elbow discomfort.,,⚪,Injured 60-Day
NYY,665645,Kervin Castro,P,Right elbow neuritis.,,⚪,Injured 60-Day
PHI,666969,Adolis García,RF,Right latissimus dorsi tear,,🔴,Injured 60-Day
PHI,641745,Brad Keller,P,Right elbow UCL tear.,,🔴,Injured 60-Day
PHI,668873,Caleb Kilian,P,Left oblique strain.,,🟡,Injured 60-Day
PHI,694025,Felix Reyes,LF,Right wrist fracture,,🔴,Injured 60-Day
PHI,679032,Johan Rojas,CF,Right elbow UCL repair.,,⚪,Injured 60-Day
PIT,682848,Endy Rodríguez,C,Left hip inflammation.,,🟡,Injured 60-Day
PIT,656605,Mitch Keller,P,Right arm teres major muscle injury.,,⚪,Injured 60-Day
SD,663773,Bryan Hoeing,P,Torn right elbow flexor tendon.,,⚪,Injured 60-Day
SD,663554,Casey Mize,P,Right ankle sprain.,,🟡,Injured 15-Day
SD,608337,Lucas Giolito,P,Right elbow inflammation.,,🟡,Injured 60-Day
SD,650859,Luis Rengifo,LF,Right knee sprain.,,🟡,Injured 60-Day
SD,657656,Ramón Laureano,LF,Injured 60-Day,,⚪,Injured 60-Day
SD,660710,Rodolfo Durán,C,Right forearm strain.,,🟡,Injured 60-Day
SEA,680695,Brennen Davis,CF,Left hamstring strain.,,🟡,Injured 60-Day
SEA,806068,Colt Emerson,SS,Left wrist tendon repair.,,⚪,Injured 60-Day
SEA,688138,Logan Evans,P,Recovery from torn UCL in right arm.,,⚪,Injured 60-Day
SEA,670042,Luke Raley,RF,Left forearm strain.,,🟡,Injured 60-Day
SEA,666374,Matt Brash,P,Right lat strain.,,🟡,Injured 60-Day
SEA,689546,Nick Davila,P,SC joint sprain.,,🟡,Injured 60-Day
SEA,669717,Will Wilson,3B,Left thumb fracture.,,🔴,Injured 60-Day
SF,605288,Adrian Houser,P,Right forearm strain.,,🟡,Injured 60-Day
SF,694918,Blade Tidwell,P,Right UCL sprain.,,🟡,Injured 60-Day
SF,687931,Carson Whisenhunt,P,Left elbow sprain.,,🟡,Injured 60-Day
SF,669477,Casey Schmitt,LF,Left knee meniscus tear.,,🔴,Injured 60-Day
SF,691740,Daniel Susac,C,Left knee patella fracture.,,🔴,Injured 60-Day
SF,664056,Harrison Bader,CF,Left plantar fasciitis.,,⚪,Injured 60-Day
SF,806185,Hayden Birdsong,P,Tommy John surgery.,,🔴,Injured 60-Day
SF,683679,Jesus Rodriguez,C,Right elbow neuritis.,,⚪,Injured 60-Day
SF,666711,Joel Peguero,P,Left hamstring strain,,🟡,Injured 60-Day
SF,676130,José Buttó,P,Right arm fatigue,,⚪,Injured 60-Day
SF,676775,Keaton Winn,P,Right elbow neuritis.,,⚪,Injured 60-Day
SF,656305,Matt Chapman,3B,Abdominal strain.,,🟡,Injured 60-Day
SF,657424,Matt Gage,P,Left elbow strain.,,🟡,Injured 60-Day
SF,646240,Rafael Devers,1B,Core muscle injury.,,⚪,Injured 60-Day
SF,678495,Randy Rodríguez,P,Injured 60-Day,,⚪,Injured 60-Day
SF,592858,Rowan Wick,P,Recovery from Tommy John surgery.,,🔴,Injured 60-Day
SF,686790,Trevor McDonald,P,Right elbow strain.,,🟡,Injured 60-Day
STL,691008,Max Rajcic,P,Right elbow soreness.,,🟡,Injured 60-Day
TB,670955,Edwin Uceta,P,Right shoulder impingement,,⚪,Injured 60-Day
TB,666158,Gavin Lux,LF,Right shoulder impingement,,⚪,Injured 60-Day
TB,689200,Jacob Melton,LF,Right hamstring strain.,,🟡,Injured 60-Day
TB,669169,Jonathan Heasley,P,Injured 60-Day,,⚪,Injured 60-Day
TB,686752,Ryan Pepiot,P,Right hip inflammation,,🟡,Injured 60-Day
TEX,615698,Cal Quantrill,P,Right lat strain,,🟡,Injured 60-Day
TEX,691945,Carter Baumler,P,Right intercostal strain.,,🟡,Injured 60-Day
TEX,668390,Cole Winn,P,Right rotator cuff strain,,🟡,Injured 60-Day
TEX,683004,Jack Leiter,P,Right ankle posterior impingement.,,⚪,Injured 60-Day
TEX,656222,Jalen Beeks,P,Injured 60-Day,,⚪,Injured 60-Day
TEX,692030,Jose Corniell,P,Injured 60-Day,,⚪,Injured 60-Day
TOR,680718,Addison Barger,RF,Right elbow inflammation.,,🟡,Injured 60-Day
TOR,623993,Anthony Santander,RF,Left shoulder labral tear.,,🔴,Injured 60-Day
TOR,670102,Bowden Francis,P,Right elbow surgery.,,🔴,Injured 60-Day
TOR,664074,Cody Ponce,P,Right knee ACL sprain.,,🟡,Injured 60-Day
TOR,814005,Jake Bloss,P,Injured 60-Day,,⚪,Injured 60-Day
TOR,682729,Jonatan Clase,LF,Left plantar fasciitis.,,⚪,Injured 60-Day
TOR,621244,José Berríos,P,Right elbow stress fracture.,,🔴,Injured 60-Day
TOR,571578,Patrick Corbin,P,Left teres major strain.,,🟡,Injured 60-Day
TOR,554340,Yimi García,P,Right elbow ulnar nerve and AC joint surgery.,,🔴,Injured 60-Day
WSH,686452,Drew Millas,C,Left index finger fracture.,,🔴,Injured 60-Day
WSH,686610,Ken Waldichuk,P,Left forearm tightness.,,🟢,Injured 60-Day
WSH,663362,Matt Waldron,P,Chest inflammation.,,🟡,Injured 60-Day
WSH,680730,Mitchell Parker,P,Left elbow inflammation.,,🟡,Injured 60-Day
WSH,676571,PJ Poulin,P,Left flexor strain.,,🟡,Injured 60-Day
