date,batter,batter_id,team,pitcher,pitcher_id
2026-07-08,George Springer,543807,TOR,Logan Webb,657277.0
2026-07-08,Nathan Lukes,664770,TOR,Logan Webb,657277.0
2026-07-08,Vladimir Guerrero Jr.,665489,TOR,Logan Webb,657277.0
2026-07-08,Addison Barger,680718,TOR,Logan Webb,657277.0
2026-07-08,Alejandro Kirk,672386,TOR,Logan Webb,657277.0
2026-07-08,Daulton Varsho,662139,TOR,Logan Webb,657277.0
2026-07-08,Ernie Clement,676391,TOR,Logan Webb,657277.0
2026-07-08,Anthony Santander,623993,TOR,Logan Webb,657277.0
2026-07-08,Andrés Giménez,665926,TOR,Logan Webb,657277.0
2026-07-08,Myles Straw,664702,TOR,Logan Webb,657277.0
2026-07-08,Davis Schneider,676914,TOR,Logan Webb,657277.0
2026-07-08,Jesús Sánchez,660821,TOR,Logan Webb,657277.0
2026-07-08,Eloy Jiménez,650391,TOR,Logan Webb,657277.0
2026-07-08,Kazuma Okamoto,672960,TOR,Logan Webb,657277.0
2026-07-08,Brandon Valenzuela,678218,TOR,Logan Webb,657277.0
2026-07-08,Lenyn Sosa,672820,TOR,Logan Webb,657277.0
2026-07-08,Yohendrick Piñango,682818,TOR,Logan Webb,657277.0
2026-07-08,Charles McAdoo,807727,TOR,Logan Webb,657277.0
2026-07-08,Luis Urías,649966,TOR,Logan Webb,657277.0
2026-07-08,Sean Keys,815873,TOR,Logan Webb,657277.0
2026-07-08,Jonatan Clase,682729,TOR,Logan Webb,657277.0
2026-07-08,C.J. Stubbs,667690,TOR,Logan Webb,657277.0
2026-07-08,Riley Tirotta,694661,TOR,Logan Webb,657277.0
2026-07-08,Arjun Nimmala,805796,TOR,Logan Webb,657277.0
2026-07-08,RJ Schreck,702302,TOR,Logan Webb,657277.0
2026-07-08,Rafael Lantigua,672463,TOR,Logan Webb,657277.0
2026-07-08,Josh Kasevich,688460,TOR,Logan Webb,657277.0
2026-07-08,Josh Rivera,687069,TOR,Logan Webb,657277.0
2026-07-08,Juan Yepez,660766,TOR,Logan Webb,657277.0
2026-07-08,Eddie Micheletti Jr.,804446,TOR,Logan Webb,657277.0
2026-07-08,Jake Casey,814457,TOR,Logan Webb,657277.0
2026-07-08,Cade Doughty,683103,TOR,Logan Webb,657277.0
2026-07-08,Jace Bohrofen,690957,TOR,Logan Webb,657277.0
2026-07-08,Je'Von Ward,669219,TOR,Logan Webb,657277.0
2026-07-08,Carter Cunningham,701860,TOR,Logan Webb,657277.0
2026-07-08,Geovanny Planchart,685712,TOR,Logan Webb,657277.0
2026-07-08,Jay Harry,803385,TOR,Logan Webb,657277.0
2026-07-08,Ryan McCarty,806005,TOR,Logan Webb,657277.0
2026-07-08,Carlos Mendoza,685332,TOR,Logan Webb,657277.0
2026-07-08,Jackson Hornung,814408,TOR,Logan Webb,657277.0
2026-07-08,Matt Scannell,814411,TOR,Logan Webb,657277.0
2026-07-08,Willy Adames,642715,SF,Dylan Cease,656302.0
2026-07-08,Luis Arraez,650333,SF,Dylan Cease,656302.0
2026-07-08,Matt Chapman,656305,SF,Dylan Cease,656302.0
2026-07-08,Rafael Devers,646240,SF,Dylan Cease,656302.0
2026-07-08,Casey Schmitt,669477,SF,Dylan Cease,656302.0
2026-07-08,Jung Hoo Lee,808982,SF,Dylan Cease,656302.0
2026-07-08,Heliot Ramos,671218,SF,Dylan Cease,656302.0
2026-07-08,Jared Oliva,666931,SF,Dylan Cease,656302.0
2026-07-08,Daniel Susac,691740,SF,Dylan Cease,656302.0
2026-07-08,Will Brennan,686823,SF,Dylan Cease,656302.0
2026-07-08,Drew Gilbert,687551,SF,Dylan Cease,656302.0
2026-07-08,Jerar Encarnacion,666464,SF,Dylan Cease,656302.0
2026-07-08,Eric Haase,606992,SF,Dylan Cease,656302.0
2026-07-08,Christian Koss,683766,SF,Dylan Cease,656302.0
2026-07-08,Bryce Eldridge,805811,SF,Dylan Cease,656302.0
2026-07-08,Jesus Rodriguez,683679,SF,Dylan Cease,656302.0
2026-07-08,Harrison Bader,664056,SF,Dylan Cease,656302.0
2026-07-08,Victor Bericoto,682674,SF,Dylan Cease,656302.0
2026-07-08,Jonah Cox,813841,SF,Dylan Cease,656302.0
2026-07-08,Drew Cavanaugh,701852,SF,Dylan Cease,656302.0
2026-07-08,Grant McCray,687529,SF,Dylan Cease,656302.0
2026-07-08,Tyler Fitzgerald,666149,SF,Dylan Cease,656302.0
2026-07-08,Jake Holton,687724,SF,Dylan Cease,656302.0
2026-07-08,Osleivis Basabe,678545,SF,Dylan Cease,656302.0
2026-07-08,Maui Ahuna,694757,SF,Dylan Cease,656302.0
2026-07-08,Aeverson Arteaga,692348,SF,Dylan Cease,656302.0
2026-07-08,Gavin Kilen,702264,SF,Dylan Cease,656302.0
2026-07-08,Charlie Szykowny,805126,SF,Dylan Cease,656302.0
2026-07-08,Walker Martin,806152,SF,Dylan Cease,656302.0
2026-07-08,Dakota Jordan,702607,SF,Dylan Cease,656302.0
2026-07-08,Wilmer Flores,527038,SF,Dylan Cease,656302.0
2026-07-08,Michael Busch,683737,CHC,Dean Kremer,665152.0
2026-07-08,Nico Hoerner,663538,CHC,Dean Kremer,665152.0
2026-07-08,Ian Happ,664023,CHC,Dean Kremer,665152.0
2026-07-08,Seiya Suzuki,673548,CHC,Dean Kremer,665152.0
2026-07-08,Carson Kelly,608348,CHC,Dean Kremer,665152.0
2026-07-08,Pete Crow-Armstrong,691718,CHC,Dean Kremer,665152.0
2026-07-08,Dansby Swanson,621020,CHC,Dean Kremer,665152.0
2026-07-08,Matt Shaw,807713,CHC,Dean Kremer,665152.0
2026-07-08,Moisés Ballesteros,694208,CHC,Dean Kremer,665152.0
2026-07-08,Justin Turner,457759,CHC,Dean Kremer,665152.0
2026-07-08,Alex Bregman,608324,CHC,Dean Kremer,665152.0
2026-07-08,Miguel Amaya,665804,CHC,Dean Kremer,665152.0
2026-07-08,Scott Kingery,664068,CHC,Dean Kremer,665152.0
2026-07-08,Michael Conforto,624424,CHC,Dean Kremer,665152.0
2026-07-08,Kevin Alcántara,682634,CHC,Dean Kremer,665152.0
2026-07-08,Pedro Ramírez,699393,CHC,Dean Kremer,665152.0
2026-07-08,Justin Dean,681909,CHC,Dean Kremer,665152.0
2026-07-08,Jonathon Long,675085,CHC,Dean Kremer,665152.0
2026-07-08,Christian Bethancourt,542194,CHC,Dean Kremer,665152.0
2026-07-08,Owen Miller,680911,CHC,Dean Kremer,665152.0
2026-07-08,Darlyn De Leon,800391,CHC,Dean Kremer,665152.0
2026-07-08,Derik Alcantara,814131,CHC,Dean Kremer,665152.0
2026-07-08,Devin Ortiz,668776,CHC,Dean Kremer,665152.0
2026-07-08,Owen Ayers,689196,CHC,Dean Kremer,665152.0
2026-07-08,Joan Delgado,805062,CHC,Dean Kremer,665152.0
2026-07-08,Cesar Lugo,821113,CHC,Dean Kremer,665152.0
2026-07-08,Dylan Carlson,666185,CHC,Dean Kremer,665152.0
2026-07-08,BJ Murray,681230,CHC,Dean Kremer,665152.0
2026-07-08,Jefferson Rojas,800473,CHC,Dean Kremer,665152.0
2026-07-08,Brett Bateman,703520,CHC,Dean Kremer,665152.0
2026-07-08,Kane Kepley,823807,CHC,Dean Kremer,665152.0
2026-07-08,Carter Trice,807714,CHC,Dean Kremer,665152.0
2026-07-08,Karson Simas,689302,CHC,Dean Kremer,665152.0
2026-07-08,Hayden Cantrelle,676463,CHC,Dean Kremer,665152.0
2026-07-08,Jan Luis Reyes,813939,CHC,Dean Kremer,665152.0
2026-07-08,James Triantos,701649,CHC,Dean Kremer,665152.0
2026-07-08,Jordan Nwogu,685087,CHC,Dean Kremer,665152.0
2026-07-08,Jaylen Palmer,681941,CHC,Dean Kremer,665152.0
2026-07-08,Ben Cowles,701496,CHC,Dean Kremer,665152.0
2026-07-08,Leonel Espinoza,696083,CHC,Dean Kremer,665152.0
2026-07-08,Angel Cepeda,806980,CHC,Dean Kremer,665152.0
2026-07-08,Cole Mathis,695573,CHC,Dean Kremer,665152.0
2026-07-08,Ariel Armas,813666,CHC,Dean Kremer,665152.0
2026-07-08,Kade Snell,820835,CHC,Dean Kremer,665152.0
2026-07-08,Ty Southisene,807257,CHC,Dean Kremer,665152.0
2026-07-08,Alexey Lumpuy,815121,CHC,Dean Kremer,665152.0
2026-07-08,Edgar Alvarez,827294,CHC,Dean Kremer,665152.0
2026-07-08,Eli Lovich,815654,CHC,Dean Kremer,665152.0
2026-07-08,Juan Cabada,829040,CHC,Dean Kremer,665152.0
2026-07-08,Matt Halbach,801561,CHC,Dean Kremer,665152.0
2026-07-08,Alex Madera,823702,CHC,Dean Kremer,665152.0
2026-07-08,Casey Opitz,676053,CHC,Dean Kremer,665152.0
2026-07-08,Drew Bowser,690958,CHC,Dean Kremer,665152.0
2026-07-08,Eric Yang,687066,CHC,Dean Kremer,665152.0
2026-07-08,Brian Kalmer,687260,CHC,Dean Kremer,665152.0
2026-07-08,Reginald Preciado,691262,CHC,Dean Kremer,665152.0
2026-07-08,Josiah Hartshorn,815824,CHC,Dean Kremer,665152.0
2026-07-08,Ed Howard,690992,CHC,Dean Kremer,665152.0
2026-07-08,Jon Berti,542932,CHC,Dean Kremer,665152.0
2026-07-08,Colin Rea,607067,CHC,Dean Kremer,665152.0
2026-07-08,Gunnar Henderson,683002,BAL,Colin Rea,607067.0
2026-07-08,Taylor Ward,621493,BAL,Colin Rea,607067.0
2026-07-08,Pete Alonso,624413,BAL,Colin Rea,607067.0
2026-07-08,Samuel Basallo,694212,BAL,Colin Rea,607067.0
2026-07-08,Dylan Beavers,687637,BAL,Colin Rea,607067.0
2026-07-08,Leody Taveras,665750,BAL,Colin Rea,607067.0
2026-07-08,Colton Cowser,681297,BAL,Colin Rea,607067.0
2026-07-08,Jeremiah Jackson,669236,BAL,Colin Rea,607067.0
2026-07-08,Blaze Alexander,677942,BAL,Colin Rea,607067.0
2026-07-08,Johnathan Rodríguez,671286,BAL,Colin Rea,607067.0
2026-07-08,Coby Mayo,691723,BAL,Colin Rea,607067.0
2026-07-08,Sam Huff,669087,BAL,Colin Rea,607067.0
2026-07-08,Adley Rutschman,668939,BAL,Colin Rea,607067.0
2026-07-08,Tyler O'Neill,641933,BAL,Colin Rea,607067.0
2026-07-08,Maverick Handley,668974,BAL,Colin Rea,607067.0
2026-07-08,Jackson Holliday,702616,BAL,Colin Rea,607067.0
2026-07-08,Michael Siani,672279,BAL,Colin Rea,607067.0
2026-07-08,Chadwick Tromp,644433,BAL,Colin Rea,607067.0
2026-07-08,Ryan Mountcastle,663624,BAL,Colin Rea,607067.0
2026-07-08,Heston Kjerstad,677008,BAL,Colin Rea,607067.0
2026-07-08,Bryan Ramos,682868,BAL,Colin Rea,607067.0
2026-07-08,Luis Vázquez,676679,BAL,Colin Rea,607067.0
2026-07-08,Anderson De Los Santos,698945,BAL,Colin Rea,607067.0
2026-07-08,Fernando Peguero,800387,BAL,Colin Rea,607067.0
2026-07-08,Elis Cuevas,800433,BAL,Colin Rea,607067.0
2026-07-08,Jordan Sanchez,820847,BAL,Colin Rea,607067.0
2026-07-08,Jose Barrero,676480,BAL,Colin Rea,607067.0
2026-07-08,Brayden Smith,829670,BAL,Colin Rea,607067.0
2026-07-08,Jaiden Lo Re,828318,BAL,Colin Rea,607067.0
2026-07-08,Colin Yeaman,829649,BAL,Colin Rea,607067.0
2026-07-08,Jhonkensy Noel,678877,BAL,Colin Rea,607067.0
2026-07-08,Thairo Estrada,642731,BAL,Colin Rea,607067.0
2026-07-08,Griff O'Ferrall,803172,BAL,Colin Rea,607067.0
2026-07-08,RJ Austin,702720,BAL,Colin Rea,607067.0
2026-07-08,Thomas Sosa,800449,BAL,Colin Rea,607067.0
2026-07-08,Nate George,825582,BAL,Colin Rea,607067.0
2026-07-08,Vance Honeycutt,701689,BAL,Colin Rea,607067.0
2026-07-08,Douglas Hodo III,683233,BAL,Colin Rea,607067.0
2026-07-08,Tavian Josenberger,694444,BAL,Colin Rea,607067.0
2026-07-08,Enrique Bradfield Jr.,690961,BAL,Colin Rea,607067.0
2026-07-08,Jud Fabian,682983,BAL,Colin Rea,607067.0
2026-07-08,Willy Vasquez,691938,BAL,Colin Rea,607067.0
2026-07-08,Maikol Hernández,694204,BAL,Colin Rea,607067.0
2026-07-08,Victor Figueroa,809372,BAL,Colin Rea,607067.0
2026-07-08,Will Robertson,683770,BAL,Colin Rea,607067.0
2026-07-08,Jordan Westburg,676059,BAL,Colin Rea,607067.0
2026-07-08,Lawrence Butler,671732,ATH,Troy Melton,675512.0
2026-07-08,Nick Kurtz,701762,ATH,Troy Melton,675512.0
2026-07-08,Shea Langeliers,669127,ATH,Troy Melton,675512.0
2026-07-08,Tyler Soderstrom,691016,ATH,Troy Melton,675512.0
2026-07-08,Jacob Wilson,805779,ATH,Troy Melton,675512.0
2026-07-08,Jeff McNeil,643446,ATH,Troy Melton,675512.0
2026-07-08,Max Muncy,691777,ATH,Troy Melton,675512.0
2026-07-08,Carlos Cortes,666126,ATH,Troy Melton,675512.0
2026-07-08,Denzel Clarke,672016,ATH,Troy Melton,675512.0
2026-07-08,Darell Hernaiz,687231,ATH,Troy Melton,675512.0
2026-07-08,Zack Gelof,680869,ATH,Troy Melton,675512.0
2026-07-08,Colby Thomas,687515,ATH,Troy Melton,675512.0
2026-07-08,Brent Rooker,667670,ATH,Troy Melton,675512.0
2026-07-08,Brett Harris,695391,ATH,Troy Melton,675512.0
2026-07-08,Jonah Heim,641680,ATH,Troy Melton,675512.0
2026-07-08,Henry Bolte,703607,ATH,Troy Melton,675512.0
2026-07-08,Michael Stefanic,683021,ATH,Troy Melton,675512.0
2026-07-08,Alika Williams,675961,ATH,Troy Melton,675512.0
2026-07-08,Joey Meneses,608841,ATH,Troy Melton,675512.0
2026-07-08,Joshua Kuroda-Grauer,811965,ATH,Troy Melton,675512.0
2026-07-08,Brian Serven,661531,ATH,Troy Melton,675512.0
2026-07-08,Cade Marlowe,687799,ATH,Troy Melton,675512.0
2026-07-08,Tommy White,695720,ATH,Troy Melton,675512.0
2026-07-08,Leo De Vries,815888,ATH,Troy Melton,675512.0
2026-07-08,Drew Swift,669439,ATH,Troy Melton,675512.0
2026-07-08,Chad Wallach,595453,ATH,Troy Melton,675512.0
2026-07-08,Breyson Guedez,829052,ATH,Troy Melton,675512.0
2026-07-08,Ryan Lasko,805782,ATH,Troy Melton,675512.0
2026-07-08,Jose Ramos,815927,ATH,Troy Melton,675512.0
2026-07-08,Myles Naylor,802504,ATH,Troy Melton,675512.0
2026-07-08,Luke Mann,680996,ATH,Troy Melton,675512.0
2026-07-08,Shane McGuire,676063,ATH,Troy Melton,675512.0
2026-07-08,Cameron Leary,802474,ATH,Troy Melton,675512.0
2026-07-08,Clark Elliott,686499,ATH,Troy Melton,675512.0
2026-07-08,Colby Halter,690985,ATH,Troy Melton,675512.0
2026-07-08,Daniel Bucciero,827759,ATH,Troy Melton,675512.0
2026-07-08,Devin Taylor,805127,ATH,Troy Melton,675512.0
2026-07-08,Bobby Boser,804119,ATH,Troy Melton,675512.0
2026-07-08,Casey Yamauchi,671748,ATH,Troy Melton,675512.0
2026-07-08,Justin Riemer,811312,ATH,Troy Melton,675512.0
2026-07-08,Bobby Blandford,701520,ATH,Troy Melton,675512.0
2026-07-08,Brayan Buelvas,683454,ATH,Troy Melton,675512.0
2026-07-08,Bryan Lavastida,681526,ATH,Troy Melton,675512.0
2026-07-08,Seth Brown,664913,ATH,Troy Melton,675512.0
2026-07-08,Gio Urshela,570482,ATH,Troy Melton,675512.0
2026-07-08,Parker Meadows,678009,DET,Jeffrey Springs,605488.0
2026-07-08,Gleyber Torres,650402,DET,Jeffrey Springs,605488.0
2026-07-08,Kerry Carpenter,681481,DET,Jeffrey Springs,605488.0
2026-07-08,Spencer Torkelson,679529,DET,Jeffrey Springs,605488.0
2026-07-08,Riley Greene,682985,DET,Jeffrey Springs,605488.0
2026-07-08,Wenceel Pérez,672761,DET,Jeffrey Springs,605488.0
2026-07-08,Dillon Dingler,693307,DET,Jeffrey Springs,605488.0
2026-07-08,Zach McKinstry,656716,DET,Jeffrey Springs,605488.0
2026-07-08,Javier Báez,595879,DET,Jeffrey Springs,605488.0
2026-07-08,Jahmai Jones,663330,DET,Jeffrey Springs,605488.0
2026-07-08,Justyn-Henry Malloy,669234,DET,Jeffrey Springs,605488.0
2026-07-08,Colt Keith,690993,DET,Jeffrey Springs,605488.0
2026-07-08,Jake Rogers,668670,DET,Jeffrey Springs,605488.0
2026-07-08,Matt Vierling,663837,DET,Jeffrey Springs,605488.0
2026-07-08,Kevin McGonigle,805808,DET,Jeffrey Springs,605488.0
2026-07-08,Hao-Yu  Lee,701678,DET,Jeffrey Springs,605488.0
2026-07-08,Jace Jung,690291,DET,Jeffrey Springs,605488.0
2026-07-08,Gage Workman,669398,DET,Jeffrey Springs,605488.0
2026-07-08,James Outman,681546,DET,Jeffrey Springs,605488.0
2026-07-08,Trei Cruz,669360,DET,Jeffrey Springs,605488.0
2026-07-08,Ben Malgeri,701162,DET,Jeffrey Springs,605488.0
2026-07-08,Max Anderson,801194,DET,Jeffrey Springs,605488.0
2026-07-08,John Peck,807726,DET,Jeffrey Springs,605488.0
2026-07-08,Corey Julks,667452,DET,Jeffrey Springs,605488.0
2026-07-08,Jordan Yost,803723,DET,Jeffrey Springs,605488.0
2026-07-08,Chris Meyers,680273,DET,Jeffrey Springs,605488.0
2026-07-08,Eduardo Valencia,680664,DET,Jeffrey Springs,605488.0
2026-07-08,Tomás Nido,621512,DET,Jeffrey Springs,605488.0
2026-07-08,Max Clark,703601,DET,Jeffrey Springs,605488.0
2026-07-08,Peyton Graham,689931,DET,Jeffrey Springs,605488.0
2026-07-08,Max Burt,661733,DET,Jeffrey Springs,605488.0
2026-07-08,Trey Sweeney,700242,DET,Jeffrey Springs,605488.0
2026-07-08,Manuel Margot,622534,DET,Jeffrey Springs,605488.0
2026-07-08,Ronald Acuña Jr.,660670,ATL,Jared Jones,683003.0
2026-07-08,Drake Baldwin,686948,ATL,Jared Jones,683003.0
2026-07-08,Matt Olson,621566,ATL,Jared Jones,683003.0
2026-07-08,Austin Riley,663586,ATL,Jared Jones,683003.0
2026-07-08,Mike Yastrzemski,573262,ATL,Jared Jones,683003.0
2026-07-08,Ozzie Albies,645277,ATL,Jared Jones,683003.0
2026-07-08,Dominic Smith,642086,ATL,Jared Jones,683003.0
2026-07-08,Michael Harris II,671739,ATL,Jared Jones,683003.0
2026-07-08,Mauricio Dubón,643289,ATL,Jared Jones,683003.0
2026-07-08,Kyle Farmer,571657,ATL,Jared Jones,683003.0
2026-07-08,Jorge Mateo,622761,ATL,Jared Jones,683003.0
2026-07-08,Eli White,642201,ATL,Jared Jones,683003.0
2026-07-08,José Azocar,640492,ATL,Jared Jones,683003.0
2026-07-08,Sean Murphy,669221,ATL,Jared Jones,683003.0
2026-07-08,Jim Jarvis,805347,ATL,Jared Jones,683003.0
2026-07-08,Ha-Seong Kim,673490,ATL,Jared Jones,683003.0
2026-07-08,Sandy León,506702,ATL,Jared Jones,683003.0
2026-07-08,Austin Wynns,642851,ATL,Jared Jones,683003.0
2026-07-08,Rowdy Tellez,642133,ATL,Jared Jones,683003.0
2026-07-08,Jair Camargo,665856,ATL,Jared Jones,683003.0
2026-07-08,Joey Bart,663698,ATL,Jared Jones,683003.0
2026-07-08,Brett Wisely,689172,ATL,Jared Jones,683003.0
2026-07-08,Ben Gamel,592325,ATL,Jared Jones,683003.0
2026-07-08,Luke Williams,663897,ATL,Jared Jones,683003.0
2026-07-08,Brewer Hicklen,676551,ATL,Jared Jones,683003.0
2026-07-08,Aaron Schunk,668845,ATL,Jared Jones,683003.0
2026-07-08,Tyler Tolve,681172,ATL,Jared Jones,683003.0
2026-07-08,Luis Guanipa,806994,ATL,Jared Jones,683003.0
2026-07-08,Patrick Clohisy,802117,ATL,Jared Jones,683003.0
2026-07-08,Cal Conley,695462,ATL,Jared Jones,683003.0
2026-07-08,Mac Guscette,691944,ATL,Jared Jones,683003.0
2026-07-08,Luke Waddell,680672,ATL,Jared Jones,683003.0
2026-07-08,Kevin Kilpatrick Jr.,687201,ATL,Jared Jones,683003.0
2026-07-08,Ethan Workinger,689688,ATL,Jared Jones,683003.0
2026-07-08,Drew Compton,686541,ATL,Jared Jones,683003.0
2026-07-08,Lizandro Espinoza,692371,ATL,Jared Jones,683003.0
2026-07-08,Ambioris Tavarez,694222,ATL,Jared Jones,683003.0
2026-07-08,Jordan Groshans,677954,ATL,Jared Jones,683003.0
2026-07-08,Jake Steels,809921,ATL,Jared Jones,683003.0
2026-07-08,Colby Jones,803475,ATL,Jared Jones,683003.0
2026-07-08,Dalton McIntyre,827637,ATL,Jared Jones,683003.0
2026-07-08,Eric Hartman,807080,ATL,Jared Jones,683003.0
2026-07-08,Keshawn Ogans,687248,ATL,Jared Jones,683003.0
2026-07-08,Dallas Macias,702582,ATL,Jared Jones,683003.0
2026-07-08,DaShawn Keirsey Jr.,680577,ATL,Jared Jones,683003.0
2026-07-08,Will Verdung,815299,ATL,Jared Jones,683003.0
2026-07-08,Joe Olsavsky,815586,ATL,Jared Jones,683003.0
2026-07-08,Colin Burgess,689878,ATL,Jared Jones,683003.0
2026-07-08,Archer Brookman,666386,ATL,Jared Jones,683003.0
2026-07-08,Jurickson Profar,595777,ATL,Jared Jones,683003.0
2026-07-08,Bryan De La Cruz,650559,ATL,Jared Jones,683003.0
2026-07-08,Oneil Cruz,665833,PIT,Grant Holmes,656550.0
2026-07-08,Brandon Lowe,664040,PIT,Grant Holmes,656550.0
2026-07-08,Bryan Reynolds,668804,PIT,Grant Holmes,656550.0
2026-07-08,Ryan O'Hearn,656811,PIT,Grant Holmes,656550.0
2026-07-08,Nick Yorke,694377,PIT,Grant Holmes,656550.0
2026-07-08,Spencer Horwitz,687462,PIT,Grant Holmes,656550.0
2026-07-08,Konnor Griffin,804606,PIT,Grant Holmes,656550.0
2026-07-08,Jake Mangum,663968,PIT,Grant Holmes,656550.0
2026-07-08,Henry Davis,680779,PIT,Grant Holmes,656550.0
2026-07-08,Billy Cook,695257,PIT,Grant Holmes,656550.0
2026-07-08,Nick Gonzales,693304,PIT,Grant Holmes,656550.0
2026-07-08,Marcell Ozuna,542303,PIT,Grant Holmes,656550.0
2026-07-08,Jared Triolo,669707,PIT,Grant Holmes,656550.0
2026-07-08,Endy Rodríguez,682848,PIT,Grant Holmes,656550.0
2026-07-08,Jhostynxon Garcia,691373,PIT,Grant Holmes,656550.0
2026-07-08,Esmerlyn Valdez,699013,PIT,Grant Holmes,656550.0
2026-07-08,Tyler Callihan,682997,PIT,Grant Holmes,656550.0
2026-07-08,Davis Wendzel,673995,PIT,Grant Holmes,656550.0
2026-07-08,Rafael Flores,804668,PIT,Grant Holmes,656550.0
2026-07-08,Jack Brannigan,687394,PIT,Grant Holmes,656550.0
2026-07-08,Dominic Fletcher,666150,PIT,Grant Holmes,656550.0
2026-07-08,Shawn Ross,676566,PIT,Grant Holmes,656550.0
2026-07-08,Enmanuel Valdez,665839,PIT,Grant Holmes,656550.0
2026-07-08,Murf Gray,809092,PIT,Grant Holmes,656550.0
2026-07-08,Jared Jones,702262,PIT,Grant Holmes,656550.0
2026-07-08,Tres Gonzalez,687206,PIT,Grant Holmes,656550.0
2026-07-08,Ivan Brethowr,814442,PIT,Grant Holmes,656550.0
2026-07-08,Omar Alfonzo,692657,PIT,Grant Holmes,656550.0
2026-07-08,Mike Jarvis,690448,PIT,Grant Holmes,656550.0
2026-07-08,Hunter Stovall,667663,PIT,Grant Holmes,656550.0
2026-07-08,Jesus Castillo,691913,PIT,Grant Holmes,656550.0
2026-07-08,Johan De Los Santos,829059,PIT,Grant Holmes,656550.0
2026-07-08,Raymond Mola,806986,PIT,Grant Holmes,656550.0
2026-07-08,Easton Carmichael,702695,PIT,Grant Holmes,656550.0
2026-07-08,Carlos Caro,814261,PIT,Grant Holmes,656550.0
2026-07-08,Carl Calixte,821156,PIT,Grant Holmes,656550.0
2026-07-08,Lonnie White Jr.,696145,PIT,Grant Holmes,656550.0
2026-07-08,Derek Berg,815074,PIT,Grant Holmes,656550.0
2026-07-08,Josh Tate,702495,PIT,Grant Holmes,656550.0
2026-07-08,Luke Scherrer,800615,PIT,Grant Holmes,656550.0
2026-07-08,Gabriel Rodriguez,829712,PIT,Grant Holmes,656550.0
2026-07-08,Yordany De Los Santos,703154,PIT,Grant Holmes,656550.0
2026-07-08,Darell Morel,829716,PIT,Grant Holmes,656550.0
2026-07-08,Hyun Seung Lee,829748,PIT,Grant Holmes,656550.0
2026-07-08,Gustavo Melendez,828116,PIT,Grant Holmes,656550.0
2026-07-08,Kendrick Herrera,821696,PIT,Grant Holmes,656550.0
2026-07-08,Eddie Rynders,815535,PIT,Grant Holmes,656550.0
2026-07-08,Shalin Polanco,694186,PIT,Grant Holmes,656550.0
2026-07-08,Ji Hwan Bae,678225,PIT,Grant Holmes,656550.0
2026-07-08,Jack Suwinski,669261,PIT,Grant Holmes,656550.0
2026-07-08,Alexander Canario,672744,PIT,Grant Holmes,656550.0
2026-07-08,Randy Arozarena,668227,SEA,Tyler Phillips,663969.0
2026-07-08,Cal Raleigh,663728,SEA,Tyler Phillips,663969.0
2026-07-08,Julio Rodríguez,677594,SEA,Tyler Phillips,663969.0
2026-07-08,Josh Naylor,647304,SEA,Tyler Phillips,663969.0
2026-07-08,Mitch Garver,641598,SEA,Tyler Phillips,663969.0
2026-07-08,Victor Robles,645302,SEA,Tyler Phillips,663969.0
2026-07-08,J.P. Crawford,641487,SEA,Tyler Phillips,663969.0
2026-07-08,Leo Rivas,660844,SEA,Tyler Phillips,663969.0
2026-07-08,Dominic Canzone,686527,SEA,Tyler Phillips,663969.0
2026-07-08,Miles Mastrobuoni,670156,SEA,Tyler Phillips,663969.0
2026-07-08,Harry Ford,695670,SEA,Tyler Phillips,663969.0
2026-07-08,Luke Raley,670042,SEA,Tyler Phillips,663969.0
2026-07-08,Brendan Donovan,680977,SEA,Tyler Phillips,663969.0
2026-07-08,Cole Young,702284,SEA,Tyler Phillips,663969.0
2026-07-08,Patrick Wisdom,621550,SEA,Tyler Phillips,663969.0
2026-07-08,Connor Joe,656582,SEA,Tyler Phillips,663969.0
2026-07-08,Rob Refsnyder,608701,SEA,Tyler Phillips,663969.0
2026-07-08,Will Wilson,669717,SEA,Tyler Phillips,663969.0
2026-07-08,Jhonny Pereda,640902,SEA,Tyler Phillips,663969.0
2026-07-08,Colt Emerson,806068,SEA,Tyler Phillips,663969.0
2026-07-08,Ryan Bliss,669208,SEA,Tyler Phillips,663969.0
2026-07-08,Weston Wilson,642215,SEA,Tyler Phillips,663969.0
2026-07-08,Buddy Kennedy,671083,SEA,Tyler Phillips,663969.0
2026-07-08,Carson Taylor,694930,SEA,Tyler Phillips,663969.0
2026-07-08,Jonny Farmelo,806071,SEA,Tyler Phillips,663969.0
2026-07-08,Brock Rodden,801126,SEA,Tyler Phillips,663969.0
2026-07-08,Luis Suisbel,692044,SEA,Tyler Phillips,663969.0
2026-07-08,Rhylan Thomas,689041,SEA,Tyler Phillips,663969.0
2026-07-08,Charlie Pagliarini,813860,SEA,Tyler Phillips,663969.0
2026-07-08,Carter Dorighi,826163,SEA,Tyler Phillips,663969.0
2026-07-08,Andrew Knizner,668800,SEA,Tyler Phillips,663969.0
2026-07-08,Colin Davis,695342,SEA,Tyler Phillips,663969.0
2026-07-08,Sammy Siani,686445,SEA,Tyler Phillips,663969.0
2026-07-08,Felnin Celesten,806958,SEA,Tyler Phillips,663969.0
2026-07-08,Bill Knight,681098,SEA,Tyler Phillips,663969.0
2026-07-08,Caleb Cali,687730,SEA,Tyler Phillips,663969.0
2026-07-08,Brian O'Keefe,657247,SEA,Tyler Phillips,663969.0
2026-07-08,Austin St. Laurent,694318,SEA,Tyler Phillips,663969.0
2026-07-08,Alejo Lopez,664670,SEA,Tyler Phillips,663969.0
2026-07-08,J.T. Arruda,686793,SEA,Tyler Phillips,663969.0
2026-07-08,Curtis Washington Jr.,690944,SEA,Tyler Phillips,663969.0
2026-07-08,Luke Stevenson,806233,SEA,Tyler Phillips,663969.0
2026-07-08,Ryan Picollo,827264,SEA,Tyler Phillips,663969.0
2026-07-08,Josh Hood,681377,SEA,Tyler Phillips,663969.0
2026-07-08,Anthony Donofrio,823703,SEA,Tyler Phillips,663969.0
2026-07-08,Axel Sanchez,692046,SEA,Tyler Phillips,663969.0
2026-07-08,Nick Raposo,695596,SEA,Tyler Phillips,663969.0
2026-07-08,Leandro Romero,815933,SEA,Tyler Phillips,663969.0
2026-07-08,Brady O'Brien,835614,SEA,Tyler Phillips,663969.0
2026-07-08,Aaron McKeithan,702463,SEA,Tyler Phillips,663969.0
2026-07-08,Korbyn Dickerson,702668,SEA,Tyler Phillips,663969.0
2026-07-08,Donovan Solano,456781,SEA,Tyler Phillips,663969.0
2026-07-08,Jakob Marsee,805300,MIA,George Kirby,669923.0
2026-07-08,Xavier Edwards,669364,MIA,George Kirby,669923.0
2026-07-08,Agustín Ramírez,682663,MIA,George Kirby,669923.0
2026-07-08,Liam Hicks,689414,MIA,George Kirby,669923.0
2026-07-08,Otto Lopez,672640,MIA,George Kirby,669923.0
2026-07-08,Owen Caissie,683357,MIA,George Kirby,669923.0
2026-07-08,Connor Norby,681393,MIA,George Kirby,669923.0
2026-07-08,Heriberto Hernandez,681715,MIA,George Kirby,669923.0
2026-07-08,Graham Pauley,688363,MIA,George Kirby,669923.0
2026-07-08,Javier Sanoja,691594,MIA,George Kirby,669923.0
2026-07-08,Deyvison De Los Santos,691277,MIA,George Kirby,669923.0
2026-07-08,Kyle Stowers,669065,MIA,George Kirby,669923.0
2026-07-08,Leo Jiménez,677870,MIA,George Kirby,669923.0
2026-07-08,Esteury Ruiz,665923,MIA,George Kirby,669923.0
2026-07-08,Christopher Morel,666624,MIA,George Kirby,669923.0
2026-07-08,Joe Mack,691788,MIA,George Kirby,669923.0
2026-07-08,Griffin Conine,665052,MIA,George Kirby,669923.0
2026-07-08,Brian Navarreto,640459,MIA,George Kirby,669923.0
2026-07-08,Jacob Berry,694351,MIA,George Kirby,669923.0
2026-07-08,Jesús Bastidas,665846,MIA,George Kirby,669923.0
2026-07-08,Wilfredo Lara,702906,MIA,George Kirby,669923.0
2026-07-08,Bennett Hostetler,702315,MIA,George Kirby,669923.0
2026-07-08,PJ Morlando,703563,MIA,George Kirby,669923.0
2026-07-08,Abrahan Ramirez,800254,MIA,George Kirby,669923.0
2026-07-08,Echedry Vargas,800448,MIA,George Kirby,669923.0
2026-07-08,Starlyn Caba,806965,MIA,George Kirby,669923.0
2026-07-08,Mark Coley II,696501,MIA,George Kirby,669923.0
2026-07-08,Jacob Jenkins-Cowart,801881,MIA,George Kirby,669923.0
2026-07-08,Michael Snyder,688617,MIA,George Kirby,669923.0
2026-07-08,Jake McCutcheon,823817,MIA,George Kirby,669923.0
2026-07-08,Micah McDowell,678093,MIA,George Kirby,669923.0
2026-07-08,Nathan Martorella,687210,MIA,George Kirby,669923.0
2026-07-08,Juan Matheus,801276,MIA,George Kirby,669923.0
2026-07-08,Kemp Alderman,694580,MIA,George Kirby,669923.0
2026-07-08,Chase Jaworsky,814172,MIA,George Kirby,669923.0
2026-07-08,Johnny Olmstead,675394,MIA,George Kirby,669923.0
2026-07-08,Dillon Head,702977,MIA,George Kirby,669923.0
2026-07-08,Fenwick Trimble,814458,MIA,George Kirby,669923.0
2026-07-08,Carter Johnson,815793,MIA,George Kirby,669923.0
2026-07-08,Emilio Barreras,808903,MIA,George Kirby,669923.0
2026-07-08,Dylan Jasso,815734,MIA,George Kirby,669923.0
2026-07-08,Eric Rataczak,827388,MIA,George Kirby,669923.0
2026-07-08,Connor Caskenette,683353,MIA,George Kirby,669923.0
2026-07-08,Jay Beshears,810891,MIA,George Kirby,669923.0
2026-07-08,Brendan Jones,800957,MIA,George Kirby,669923.0
2026-07-08,Dillon Lewis,827665,MIA,George Kirby,669923.0
2026-07-08,Emaarion Boyd,702708,MIA,George Kirby,669923.0
2026-07-08,Garret Forrester,807720,MIA,George Kirby,669923.0
2026-07-08,Cam Cannarella,703448,MIA,George Kirby,669923.0
2026-07-08,Drew Faurot,702656,MIA,George Kirby,669923.0
2026-07-08,John Cruz,800476,MIA,George Kirby,669923.0
2026-07-08,Tony Bullard,669233,MIA,George Kirby,669923.0
2026-07-08,Yiddi Cappe,691268,MIA,George Kirby,669923.0
2026-07-08,Payton Green,700243,MIA,George Kirby,669923.0
2026-07-08,Andrew Pintar,801464,MIA,George Kirby,669923.0
2026-07-08,Andrew Salas,829035,MIA,George Kirby,669923.0
2026-07-08,Spencer Bramwell,695426,MIA,George Kirby,669923.0
2026-07-08,Esmil Valencia,806982,MIA,George Kirby,669923.0
2026-07-08,Dub Gleed,801957,MIA,George Kirby,669923.0
2026-07-08,Jonah Bride,681146,MIA,George Kirby,669923.0
2026-07-08,Matt Mervis,670223,MIA,George Kirby,669923.0
2026-07-08,Rob Brantly,542963,MIA,George Kirby,669923.0
2026-07-08,Trent Grisham,663757,NYY,Shane McClanahan,663556.0
2026-07-08,Aaron Judge,592450,NYY,Shane McClanahan,663556.0
2026-07-08,Cody Bellinger,641355,NYY,Shane McClanahan,663556.0
2026-07-08,Ben Rice,700250,NYY,Shane McClanahan,663556.0
2026-07-08,Giancarlo Stanton,519317,NYY,Shane McClanahan,663556.0
2026-07-08,Jazz Chisholm Jr.,665862,NYY,Shane McClanahan,663556.0
2026-07-08,Austin Wells,669224,NYY,Shane McClanahan,663556.0
2026-07-08,Anthony Volpe,683011,NYY,Shane McClanahan,663556.0
2026-07-08,Ryan McMahon,641857,NYY,Shane McClanahan,663556.0
2026-07-08,Amed Rosario,642708,NYY,Shane McClanahan,663556.0
2026-07-08,Paul Goldschmidt,502671,NYY,Shane McClanahan,663556.0
2026-07-08,José Caballero,676609,NYY,Shane McClanahan,663556.0
2026-07-08,Jasson Domínguez,691176,NYY,Shane McClanahan,663556.0
2026-07-08,J.C. Escarra,641555,NYY,Shane McClanahan,663556.0
2026-07-08,Max Schuemann,680474,NYY,Shane McClanahan,663556.0
2026-07-08,Spencer Jones,682987,NYY,Shane McClanahan,663556.0
2026-07-08,Ali Sánchez,645305,NYY,Shane McClanahan,663556.0
2026-07-08,Oswaldo Cabrera,665828,NYY,Shane McClanahan,663556.0
2026-07-08,Paul DeJong,657557,NYY,Shane McClanahan,663556.0
2026-07-08,Ernesto Martinez Jr.,667803,NYY,Shane McClanahan,663556.0
2026-07-08,Kenedy Corona,685744,NYY,Shane McClanahan,663556.0
2026-07-08,Nicholas Torres,657051,NYY,Shane McClanahan,663556.0
2026-07-08,Yanquiel Fernández,692585,NYY,Shane McClanahan,663556.0
2026-07-08,Jonathan Ornelas,680716,NYY,Shane McClanahan,663556.0
2026-07-08,Duke Ellis,668752,NYY,Shane McClanahan,663556.0
2026-07-08,Tyler Hardman,676205,NYY,Shane McClanahan,663556.0
2026-07-08,Payton Henry,668721,NYY,Shane McClanahan,663556.0
2026-07-08,Seth Brown,664913,NYY,Shane McClanahan,663556.0
2026-07-08,Cole Gabrielson,702068,NYY,Shane McClanahan,663556.0
2026-07-08,Coby Morales,815089,NYY,Shane McClanahan,663556.0
2026-07-08,Bryce Martin-Grudzielanek,701727,NYY,Shane McClanahan,663556.0
2026-07-08,Enmanuel Tejeda,800285,NYY,Shane McClanahan,663556.0
2026-07-08,George Lombard Jr.,806146,NYY,Shane McClanahan,663556.0
2026-07-08,Edinson Duran,702750,NYY,Shane McClanahan,663556.0
2026-07-08,Core Jackson,692110,NYY,Shane McClanahan,663556.0
2026-07-08,Jace Avina,701778,NYY,Shane McClanahan,663556.0
2026-07-08,Kaeden Kent,809763,NYY,Shane McClanahan,663556.0
2026-07-08,Garrett Martin,682003,NYY,Shane McClanahan,663556.0
2026-07-08,Roderick Arias,703149,NYY,Shane McClanahan,663556.0
2026-07-08,Duncan Pastore,804603,NYY,Shane McClanahan,663556.0
2026-07-08,Kyle West,823918,NYY,Shane McClanahan,663556.0
2026-07-08,DJ Gladney,687554,NYY,Shane McClanahan,663556.0
2026-07-08,Pablo Reyes,622569,NYY,Shane McClanahan,663556.0
2026-07-08,Yandy Díaz,650490,TB,Gerrit Cole,543037.0
2026-07-08,Jonathan Aranda,666018,TB,Gerrit Cole,543037.0
2026-07-08,Junior Caminero,691406,TB,Gerrit Cole,543037.0
2026-07-08,Ryan Vilade,668723,TB,Gerrit Cole,543037.0
2026-07-08,Ben Williamson,810938,TB,Gerrit Cole,543037.0
2026-07-08,Chandler Simpson,802415,TB,Gerrit Cole,543037.0
2026-07-08,Jonny DeLuca,676356,TB,Gerrit Cole,543037.0
2026-07-08,Nick Fortes,663743,TB,Gerrit Cole,543037.0
2026-07-08,Taylor Walls,670764,TB,Gerrit Cole,543037.0
2026-07-08,Jake Fraley,641584,TB,Gerrit Cole,543037.0
2026-07-08,Cedric Mullins,656775,TB,Gerrit Cole,543037.0
2026-07-08,Richie Palacios,680700,TB,Gerrit Cole,543037.0
2026-07-08,Hunter Feduccia,676439,TB,Gerrit Cole,543037.0
2026-07-08,Carson Williams,700246,TB,Gerrit Cole,543037.0
2026-07-08,Victor Mesa Jr.,683748,TB,Gerrit Cole,543037.0
2026-07-08,Oliver Dunn,686554,TB,Gerrit Cole,543037.0
2026-07-08,Austin Slater,596103,TB,Gerrit Cole,543037.0
2026-07-08,Gavin Lux,666158,TB,Gerrit Cole,543037.0
2026-07-08,Gregory Barrios,699126,TB,Gerrit Cole,543037.0
2026-07-08,Tre' Morgan,691003,TB,Gerrit Cole,543037.0
2026-07-08,Edward Olivares,658668,TB,Gerrit Cole,543037.0
2026-07-08,Tatem Levins,694420,TB,Gerrit Cole,543037.0
2026-07-08,Brayden Taylor,694966,TB,Gerrit Cole,543037.0
2026-07-08,Daniel Vellojin,678962,TB,Gerrit Cole,543037.0
2026-07-08,Justyn-Henry Malloy,669234,TB,Gerrit Cole,543037.0
2026-07-08,Jacob Melton,689200,TB,Gerrit Cole,543037.0
2026-07-08,Logan Davidson,669722,TB,Gerrit Cole,543037.0
2026-07-08,Theo Gillen,815394,TB,Gerrit Cole,543037.0
2026-07-08,Blake Sabol,666165,TB,Gerrit Cole,543037.0
2026-07-08,Will Simpson,687310,TB,Gerrit Cole,543037.0
2026-07-08,Alberth Palma,808285,TB,Gerrit Cole,543037.0
2026-07-08,Leonardo Pineda,815904,TB,Gerrit Cole,543037.0
2026-07-08,Derek Datil,827613,TB,Gerrit Cole,543037.0
2026-07-08,Alfonzo Martinez,808273,TB,Gerrit Cole,543037.0
2026-07-08,Marshall Toole,828319,TB,Gerrit Cole,543037.0
2026-07-08,Carlos Colmenarez,694181,TB,Gerrit Cole,543037.0
2026-07-08,Jose Perez,699077,TB,Gerrit Cole,543037.0
2026-07-08,J.D. Gonzalez,806083,TB,Gerrit Cole,543037.0
2026-07-08,Angel Mateo,800377,TB,Gerrit Cole,543037.0
2026-07-08,Nicandro Aybar,800384,TB,Gerrit Cole,543037.0
2026-07-08,Jose Monzon,808267,TB,Gerrit Cole,543037.0
2026-07-08,Ryan McCoy,700178,TB,Gerrit Cole,543037.0
2026-07-08,Felix Cotes,800432,TB,Gerrit Cole,543037.0
2026-07-08,Tony Santa Maria,811948,TB,Gerrit Cole,543037.0
2026-07-08,Alfredo Rodriguez,808233,TB,Gerrit Cole,543037.0
2026-07-08,Brock Jones,677342,TB,Gerrit Cole,543037.0
2026-07-08,Ricardo Gonzalez,800357,TB,Gerrit Cole,543037.0
2026-07-08,Connor Hujsak,824615,TB,Gerrit Cole,543037.0
2026-07-08,Larry Martinez,800371,TB,Gerrit Cole,543037.0
2026-07-08,Andreimi Antunez,821782,TB,Gerrit Cole,543037.0
2026-07-08,Israfell Bautista,820984,TB,Gerrit Cole,543037.0
2026-07-08,Taitn Gray,828685,TB,Gerrit Cole,543037.0
2026-07-08,Cooper Flemming,828237,TB,Gerrit Cole,543037.0
2026-07-08,Brailer Guerrero,806967,TB,Gerrit Cole,543037.0
2026-07-08,Brendan Summerhill,804911,TB,Gerrit Cole,543037.0
2026-07-08,Nathan Flewelling,807083,TB,Gerrit Cole,543037.0
2026-07-08,Daniel Pierce,828084,TB,Gerrit Cole,543037.0
2026-07-08,Kamren James,687553,TB,Gerrit Cole,543037.0
2026-07-08,Ben Rortvedt,666163,TB,Gerrit Cole,543037.0
2026-07-08,Coco Montes,663796,TB,Gerrit Cole,543037.0
2026-07-08,Jose Altuve,514888,HOU,Foster Griffin,656492.0
2026-07-08,Yordan Alvarez,670541,HOU,Foster Griffin,656492.0
2026-07-08,Isaac Paredes,670623,HOU,Foster Griffin,656492.0
2026-07-08,Christian Walker,572233,HOU,Foster Griffin,656492.0
2026-07-08,Carlos Correa,621043,HOU,Foster Griffin,656492.0
2026-07-08,Cam Smith,701358,HOU,Foster Griffin,656492.0
2026-07-08,Taylor Trammell,666211,HOU,Foster Griffin,656492.0
2026-07-08,Yainer Diaz,673237,HOU,Foster Griffin,656492.0
2026-07-08,Nick Allen,669397,HOU,Foster Griffin,656492.0
2026-07-08,Joey Loperfido,694388,HOU,Foster Griffin,656492.0
2026-07-08,Brice Matthews,694728,HOU,Foster Griffin,656492.0
2026-07-08,Christian Vázquez,543877,HOU,Foster Griffin,656492.0
2026-07-08,Shay Whitcomb,694376,HOU,Foster Griffin,656492.0
2026-07-08,Dustin Harris,687957,HOU,Foster Griffin,656492.0
2026-07-08,Daniel Johnson,669288,HOU,Foster Griffin,656492.0
2026-07-08,Braden Shewmake,669699,HOU,Foster Griffin,656492.0
2026-07-08,Zach Cole,805904,HOU,Foster Griffin,656492.0
2026-07-08,Zach Dezenzo,701305,HOU,Foster Griffin,656492.0
2026-07-08,César Salazar,663967,HOU,Foster Griffin,656492.0
2026-07-08,Jeremy Peña,665161,HOU,Foster Griffin,656492.0
2026-07-08,Jake Meyers,676694,HOU,Foster Griffin,656492.0
2026-07-08,LaMonte Wade Jr.,664774,HOU,Foster Griffin,656492.0
2026-07-08,Collin Price,805672,HOU,Foster Griffin,656492.0
2026-07-08,Raynel Delgado,669384,HOU,Foster Griffin,656492.0
2026-07-08,Kevin Alvarez,829037,HOU,Foster Griffin,656492.0
2026-07-08,Jack Winkler,676466,HOU,Foster Griffin,656492.0
2026-07-08,Mason Lytle,809860,HOU,Foster Griffin,656492.0
2026-07-08,Cavan Biggio,624415,HOU,Foster Griffin,656492.0
2026-07-08,Jax Biggers,680890,HOU,Foster Griffin,656492.0
2026-07-08,Riley Unroe,624523,HOU,Foster Griffin,656492.0
2026-07-08,Carlos Pérez,542208,HOU,Foster Griffin,656492.0
2026-07-08,Yamal Encarnacion,699043,HOU,Foster Griffin,656492.0
2026-07-08,Tyler Whitaker,696264,HOU,Foster Griffin,656492.0
2026-07-08,Tommy Sacco Jr.,690474,HOU,Foster Griffin,656492.0
2026-07-08,CJ Alexander,680769,HOU,Foster Griffin,656492.0
2026-07-08,James Nelson,663445,HOU,Foster Griffin,656492.0
2026-07-08,Chase Call,813842,HOU,Foster Griffin,656492.0
2026-07-08,Josh Wakefield,811718,HOU,Foster Griffin,656492.0
2026-07-08,Jason Schiavone,828395,HOU,Foster Griffin,656492.0
2026-07-08,Max Holy,802959,HOU,Foster Griffin,656492.0
2026-07-08,Anthony Huezo,805953,HOU,Foster Griffin,656492.0
2026-07-08,Caden Powell,702547,HOU,Foster Griffin,656492.0
2026-07-08,Brendan Rodgers,663898,HOU,Foster Griffin,656492.0
2026-07-08,Chas McCormick,676801,HOU,Foster Griffin,656492.0
2026-07-08,James Wood,695578,WSH,Spencer Arrighetti,681293.0
2026-07-08,Luis García Jr.,671277,WSH,Spencer Arrighetti,681293.0
2026-07-08,CJ Abrams,682928,WSH,Spencer Arrighetti,681293.0
2026-07-08,Daylen Lile,695734,WSH,Spencer Arrighetti,681293.0
2026-07-08,Jacob Young,696285,WSH,Spencer Arrighetti,681293.0
2026-07-08,José Tena,677588,WSH,Spencer Arrighetti,681293.0
2026-07-08,Jorbit Vivas,678391,WSH,Spencer Arrighetti,681293.0
2026-07-08,Nasim Nuñez,683083,WSH,Spencer Arrighetti,681293.0
2026-07-08,Keibert Ruiz,660688,WSH,Spencer Arrighetti,681293.0
2026-07-08,Curtis Mead,678554,WSH,Spencer Arrighetti,681293.0
2026-07-08,Joey Wiemer,686894,WSH,Spencer Arrighetti,681293.0
2026-07-08,Brady House,691781,WSH,Spencer Arrighetti,681293.0
2026-07-08,Drew Millas,686452,WSH,Spencer Arrighetti,681293.0
2026-07-08,Andrés Chaparro,665953,WSH,Spencer Arrighetti,681293.0
2026-07-08,Dylan Crews,686611,WSH,Spencer Arrighetti,681293.0
2026-07-08,Robert Hassell III,690987,WSH,Spencer Arrighetti,681293.0
2026-07-08,Randal Diaz,695538,WSH,Spencer Arrighetti,681293.0
2026-07-08,Christian Franklin,681047,WSH,Spencer Arrighetti,681293.0
2026-07-08,Riley Adams,656180,WSH,Spencer Arrighetti,681293.0
2026-07-08,Jordan Williams,689052,WSH,Spencer Arrighetti,681293.0
2026-07-08,Abimelec Ortiz,694673,WSH,Spencer Arrighetti,681293.0
2026-07-08,Marcus Brown,694939,WSH,Spencer Arrighetti,681293.0
2026-07-08,Viandel Pena,678854,WSH,Spencer Arrighetti,681293.0
2026-07-08,Murphy Stehly,693822,WSH,Spencer Arrighetti,681293.0
2026-07-08,Harry Ford,695670,WSH,Spencer Arrighetti,681293.0
2026-07-08,Brenner Cox,702685,WSH,Spencer Arrighetti,681293.0
2026-07-08,Elijah Nunez,694399,WSH,Spencer Arrighetti,681293.0
2026-07-08,Luis Arias,811323,WSH,Spencer Arrighetti,681293.0
2026-07-08,Rafael Ramirez Jr.,800201,WSH,Spencer Arrighetti,681293.0
2026-07-08,Kevin Made,691183,WSH,Spencer Arrighetti,681293.0
2026-07-08,Tres Barrera,668663,WSH,Spencer Arrighetti,681293.0
2026-07-08,Ronny Cruz,826723,WSH,Spencer Arrighetti,681293.0
2026-07-08,Seaver King,814409,WSH,Spencer Arrighetti,681293.0
2026-07-08,Sam Petersen,695763,WSH,Spencer Arrighetti,681293.0
2026-07-08,Kervin Pichardo,682775,WSH,Spencer Arrighetti,681293.0
2026-07-08,Leandro Pineda,683610,WSH,Spencer Arrighetti,681293.0
2026-07-08,Sam Brown,694848,WSH,Spencer Arrighetti,681293.0
2026-07-08,Paul DeJong,657557,WSH,Spencer Arrighetti,681293.0
2026-07-08,Maikel Garcia,672580,KC,Christian Scott,681035.0
2026-07-08,Bobby Witt Jr.,677951,KC,Christian Scott,681035.0
2026-07-08,Lane Thomas,657041,KC,Christian Scott,681035.0
2026-07-08,Salvador Perez,521692,KC,Christian Scott,681035.0
2026-07-08,Vinnie Pasquantino,686469,KC,Christian Scott,681035.0
2026-07-08,Starling Marte,516782,KC,Christian Scott,681035.0
2026-07-08,Jonathan India,663697,KC,Christian Scott,681035.0
2026-07-08,Carter Jensen,695600,KC,Christian Scott,681035.0
2026-07-08,Tyler Tolbert,686475,KC,Christian Scott,681035.0
2026-07-08,Kyle Isbel,664728,KC,Christian Scott,681035.0
2026-07-08,Michael Massey,686681,KC,Christian Scott,681035.0
2026-07-08,Jac Caglianone,695506,KC,Christian Scott,681035.0
2026-07-08,Isaac Collins,686555,KC,Christian Scott,681035.0
2026-07-08,Nick Loftin,679845,KC,Christian Scott,681035.0
2026-07-08,Josh Rojas,668942,KC,Christian Scott,681035.0
2026-07-08,Kameron Misner,670224,KC,Christian Scott,681035.0
2026-07-08,John Rave,670231,KC,Christian Scott,681035.0
2026-07-08,Luke Maile,571912,KC,Christian Scott,681035.0
2026-07-08,Brandon Drury,592273,KC,Christian Scott,681035.0
2026-07-08,Kevin Newman,621028,KC,Christian Scott,681035.0
2026-07-08,Abraham Toro,647351,KC,Christian Scott,681035.0
2026-07-08,Rudy Martin Jr.,657675,KC,Christian Scott,681035.0
2026-07-08,Gavin Cross,688457,KC,Christian Scott,681035.0
2026-07-08,Peyton Wilson,686523,KC,Christian Scott,681035.0
2026-07-08,Daniel Vazquez,694187,KC,Christian Scott,681035.0
2026-07-08,Austin Charles,800051,KC,Christian Scott,681035.0
2026-07-08,Canyon Brown,701401,KC,Christian Scott,681035.0
2026-07-08,Luca Tresh,681123,KC,Christian Scott,681035.0
2026-07-08,Connor Kaiser,663731,KC,Christian Scott,681035.0
2026-07-08,Tyler Gentry,694355,KC,Christian Scott,681035.0
2026-07-08,Brett Squires,689531,KC,Christian Scott,681035.0
2026-07-08,Omar Hernandez,683427,KC,Christian Scott,681035.0
2026-07-08,Drew Waters,671221,KC,Christian Scott,681035.0
2026-07-08,Connor Scott,669002,KC,Christian Scott,681035.0
2026-07-08,Jack Pineda,801442,KC,Christian Scott,681035.0
2026-07-08,Carson Roccaforte,811287,KC,Christian Scott,681035.0
2026-07-08,Sam Kulasingam,814528,KC,Christian Scott,681035.0
2026-07-08,Ramon Ramirez,808675,KC,Christian Scott,681035.0
2026-07-08,Dustin Dickerson,815039,KC,Christian Scott,681035.0
2026-07-08,Colton Becker,813851,KC,Christian Scott,681035.0
2026-07-08,Nolan Sailors,823073,KC,Christian Scott,681035.0
2026-07-08,Erick Torres,805075,KC,Christian Scott,681035.0
2026-07-08,Justin Johnson,813386,KC,Christian Scott,681035.0
2026-07-08,Jose Cerice,822177,KC,Christian Scott,681035.0
2026-07-08,Cavan Biggio,624415,KC,Christian Scott,681035.0
2026-07-08,Hunter Renfroe,592669,KC,Christian Scott,681035.0
2026-07-08,Dairon Blanco,680118,KC,Christian Scott,681035.0
2026-07-08,Mark Canha,592192,KC,Christian Scott,681035.0
2026-07-08,Francisco Lindor,596019,NYM,Steven Cruz,674444.0
2026-07-08,Luis Robert Jr.,673357,NYM,Steven Cruz,674444.0
2026-07-08,Mark Vientos,668901,NYM,Steven Cruz,674444.0
2026-07-08,Bo Bichette,666182,NYM,Steven Cruz,674444.0
2026-07-08,Jorge Polanco,593871,NYM,Steven Cruz,674444.0
2026-07-08,Francisco Alvarez,682626,NYM,Steven Cruz,674444.0
2026-07-08,Tommy Pham,502054,NYM,Steven Cruz,674444.0
2026-07-08,Marcus Semien,543760,NYM,Steven Cruz,674444.0
2026-07-08,Tyrone Taylor,621438,NYM,Steven Cruz,674444.0
2026-07-08,Brett Baty,683146,NYM,Steven Cruz,674444.0
2026-07-08,Carson Benge,701807,NYM,Steven Cruz,674444.0
2026-07-08,MJ Melendez,669004,NYM,Steven Cruz,674444.0
2026-07-08,Luis Torrens,620443,NYM,Steven Cruz,674444.0
2026-07-08,Juan Soto,665742,NYM,Steven Cruz,674444.0
2026-07-08,Ronny Mauricio,677595,NYM,Steven Cruz,674444.0
2026-07-08,Andy Ibáñez,628451,NYM,Steven Cruz,674444.0
2026-07-08,Vidal Bruján,660644,NYM,Steven Cruz,674444.0
2026-07-08,A.J. Ewing,805999,NYM,Steven Cruz,674444.0
2026-07-08,Hayden Senger,663584,NYM,Steven Cruz,674444.0
2026-07-08,Nick Morabito,703492,NYM,Steven Cruz,674444.0
2026-07-08,Jared Young,676724,NYM,Steven Cruz,674444.0
2026-07-08,Eric Wagaman,676572,NYM,Steven Cruz,674444.0
2026-07-08,Zack Short,670097,NYM,Steven Cruz,674444.0
2026-07-08,Mike Tauchman,643565,NYM,Steven Cruz,674444.0
2026-07-08,Christian Arroyo,624414,NYM,Steven Cruz,674444.0
2026-07-08,Jose Rojas,670351,NYM,Steven Cruz,674444.0
2026-07-08,Cristian Pache,665506,NYM,Steven Cruz,674444.0
2026-07-08,JT Schwartz,681286,NYM,Steven Cruz,674444.0
2026-07-08,Colin Houck,806124,NYM,Steven Cruz,674444.0
2026-07-08,Kevin Villavicencio,692944,NYM,Steven Cruz,674444.0
2026-07-08,AJ Salgado,814514,NYM,Steven Cruz,674444.0
2026-07-08,Ben Rortvedt,666163,NYM,Steven Cruz,674444.0
2026-07-08,Yonny Hernández,660634,NYM,Steven Cruz,674444.0
2026-07-08,Branny De Oleo,808067,NYM,Steven Cruz,674444.0
2026-07-08,Trace Willhoite,688875,NYM,Steven Cruz,674444.0
2026-07-08,Diego Mosquera,699305,NYM,Steven Cruz,674444.0
2026-07-08,Jose Aular,702869,NYM,Steven Cruz,674444.0
2026-07-08,Matt Rudick,689822,NYM,Steven Cruz,674444.0
2026-07-08,Antonio Jimenez,806128,NYM,Steven Cruz,674444.0
2026-07-08,Corey Collins,690970,NYM,Steven Cruz,674444.0
2026-07-08,D'Andre Smith,694266,NYM,Steven Cruz,674444.0
2026-07-08,Jacob Reimer,702544,NYM,Steven Cruz,674444.0
2026-07-08,Simon Juan,703159,NYM,Steven Cruz,674444.0
2026-07-08,Yohairo Cuevas,699293,NYM,Steven Cruz,674444.0
2026-07-08,Wyatt Young,696281,NYM,Steven Cruz,674444.0
2026-07-08,Nick Roselli,815874,NYM,Steven Cruz,674444.0
2026-07-08,Yunior Amparo,825159,NYM,Steven Cruz,674444.0
2026-07-08,Heriberto Rincon,808298,NYM,Steven Cruz,674444.0
2026-07-08,Jesse Winker,608385,NYM,Steven Cruz,674444.0
2026-07-08,Trea Turner,607208,PHI,Chase Burns,695505.0
2026-07-08,Kyle Schwarber,656941,PHI,Chase Burns,695505.0
2026-07-08,Bryce Harper,547180,PHI,Chase Burns,695505.0
2026-07-08,Alec Bohm,664761,PHI,Chase Burns,695505.0
2026-07-08,Brandon Marsh,669016,PHI,Chase Burns,695505.0
2026-07-08,J.T. Realmuto,592663,PHI,Chase Burns,695505.0
2026-07-08,Bryson Stott,681082,PHI,Chase Burns,695505.0
2026-07-08,Edmundo Sosa,624641,PHI,Chase Burns,695505.0
2026-07-08,Otto Kemp,805249,PHI,Chase Burns,695505.0
2026-07-08,Adolis García,666969,PHI,Chase Burns,695505.0
2026-07-08,Justin Crawford,702222,PHI,Chase Burns,695505.0
2026-07-08,Dylan Moore,664238,PHI,Chase Burns,695505.0
2026-07-08,Rafael Marchán,665561,PHI,Chase Burns,695505.0
2026-07-08,Felix Reyes,694025,PHI,Chase Burns,695505.0
2026-07-08,Garrett Stubbs,596117,PHI,Chase Burns,695505.0
2026-07-08,Steward Berroa,672642,PHI,Chase Burns,695505.0
2026-07-08,Gabriel Rincones Jr.,687282,PHI,Chase Burns,695505.0
2026-07-08,Derek Hill,656537,PHI,Chase Burns,695505.0
2026-07-08,Bryan De La Cruz,650559,PHI,Chase Burns,695505.0
2026-07-08,Johan Rojas,679032,PHI,Chase Burns,695505.0
2026-07-08,René Pinto,650907,PHI,Chase Burns,695505.0
2026-07-08,Pedro León,694175,PHI,Chase Burns,695505.0
2026-07-08,Bryson Ware,694310,PHI,Chase Burns,695505.0
2026-07-08,Liover Peguero,678894,PHI,Chase Burns,695505.0
2026-07-08,Christian Cairo,686551,PHI,Chase Burns,695505.0
2026-07-08,Robert Moore,691001,PHI,Chase Burns,695505.0
2026-07-08,Paul McIntosh,682192,PHI,Chase Burns,695505.0
2026-07-08,Austin Murr,689456,PHI,Chase Burns,695505.0
2026-07-08,Cade Fergus,681495,PHI,Chase Burns,695505.0
2026-07-08,Trent Farquhar,802531,PHI,Chase Burns,695505.0
2026-07-08,Devin Saltiban,813880,PHI,Chase Burns,695505.0
2026-07-08,Alex Binelas,681323,PHI,Chase Burns,695505.0
2026-07-08,Nathan Humphreys,801537,PHI,Chase Burns,695505.0
2026-07-08,Jack Barker,835716,PHI,Chase Burns,695505.0
2026-07-08,Brady Day,800953,PHI,Chase Burns,695505.0
2026-07-08,Kodey Shojinaga,809975,PHI,Chase Burns,695505.0
2026-07-08,Erick Brito,684081,PHI,Chase Burns,695505.0
2026-07-08,Raylin Heredia,699712,PHI,Chase Burns,695505.0
2026-07-08,Manolfi Jimenez,800272,PHI,Chase Burns,695505.0
2026-07-08,TJ Friedl,670770,CIN,Unknown (nan),
2026-07-08,Spencer Steer,668715,CIN,Unknown (nan),
2026-07-08,Gavin Lux,666158,CIN,Unknown (nan),
2026-07-08,Sal Stewart,701398,CIN,Unknown (nan),
2026-07-08,Elly De La Cruz,682829,CIN,Unknown (nan),
2026-07-08,Tyler Stephenson,663886,CIN,Unknown (nan),
2026-07-08,Ke'Bryan Hayes,663647,CIN,Unknown (nan),
2026-07-08,Matt McLain,680574,CIN,Unknown (nan),
2026-07-08,Will Benson,666181,CIN,Unknown (nan),
2026-07-08,Dane Myers,667472,CIN,Unknown (nan),
2026-07-08,Eugenio Suárez,553993,CIN,Unknown (nan),
2026-07-08,Rece Hinds,677956,CIN,Unknown (nan),
2026-07-08,P.J. Higgins,664731,CIN,Unknown (nan),
2026-07-08,Nathaniel Lowe,663993,CIN,Unknown (nan),
2026-07-08,JJ Bleday,668709,CIN,Unknown (nan),
2026-07-08,Jose Trevino,624431,CIN,Unknown (nan),
2026-07-08,Blake Dunn,694362,CIN,Unknown (nan),
2026-07-08,Edwin Arroyo,695490,CIN,Unknown (nan),
2026-07-08,Noelvi Marte,682622,CIN,Unknown (nan),
2026-07-08,Ivan Johnson,671155,CIN,Unknown (nan),
2026-07-08,Dominic Pitelli,694689,CIN,Unknown (nan),
2026-07-08,Garrett Hampson,641658,CIN,Unknown (nan),
2026-07-08,Austin Hendrick,690988,CIN,Unknown (nan),
2026-07-08,Kien Vu,809844,CIN,Unknown (nan),
2026-07-08,Carlos Sanchez,800176,CIN,Unknown (nan),
2026-07-08,Yerlin Confidan,691398,CIN,Unknown (nan),
2026-07-08,Will Banfield,677943,CIN,Unknown (nan),
2026-07-08,Alexander Vargas,683061,CIN,Unknown (nan),
2026-07-08,Tyson Lewis,815653,CIN,Unknown (nan),
2026-07-08,Carlos Jorge,699115,CIN,Unknown (nan),
2026-07-08,Esmith Pineda,703204,CIN,Unknown (nan),
2026-07-08,Michael Toglia,669911,CIN,Unknown (nan),
2026-07-08,Rafhlmil Torres,807951,CIN,Unknown (nan),
2026-07-08,Francisco Urbaez,688005,CIN,Unknown (nan),
2026-07-08,Cam Collier,702253,CIN,Unknown (nan),
2026-07-08,Ryan McCrystal,701734,CIN,Unknown (nan),
2026-07-08,Alfredo Alcantara,807643,CIN,Unknown (nan),
2026-07-08,Ruben Ibarra,702140,CIN,Unknown (nan),
2026-07-08,Cade Hunter,687192,CIN,Unknown (nan),
2026-07-08,Anthony Stephan,803174,CIN,Unknown (nan),
2026-07-08,Steele Hall,829162,CIN,Unknown (nan),
2026-07-08,Zavier Warren,680518,CIN,Unknown (nan),
2026-07-08,Alfredo Duno,806957,CIN,Unknown (nan),
2026-07-08,Peyton Stovall,696510,CIN,Unknown (nan),
2026-07-08,Kyle Henley,806120,CIN,Unknown (nan),
2026-07-08,Hansel Jimenez,823851,CIN,Unknown (nan),
2026-07-08,Michael Chavis,656308,CIN,Unknown (nan),
2026-07-08,Héctor Rodríguez,699302,CIN,Unknown (nan),
2026-07-08,Christian Encarnacion-Strand,687952,CIN,Unknown (nan),
2026-07-08,Jacob Hurtubise,674441,CIN,Unknown (nan),
2026-07-08,Steven Kwan,680757,CLE,Connor Prielipp,687570.0
2026-07-08,George Valera,671655,CLE,Connor Prielipp,687570.0
2026-07-08,José Ramírez,608070,CLE,Connor Prielipp,687570.0
2026-07-08,Kyle Manzardo,700932,CLE,Connor Prielipp,687570.0
2026-07-08,Bo Naylor,666310,CLE,Connor Prielipp,687570.0
2026-07-08,Gabriel Arias,672356,CLE,Connor Prielipp,687570.0
2026-07-08,Chase DeLauter,800050,CLE,Connor Prielipp,687570.0
2026-07-08,C.J. Kayfus,692216,CLE,Connor Prielipp,687570.0
2026-07-08,Brayan Rocchio,677587,CLE,Connor Prielipp,687570.0
2026-07-08,Daniel Schneemann,682177,CLE,Connor Prielipp,687570.0
2026-07-08,Angel Martínez,682657,CLE,Connor Prielipp,687570.0
2026-07-08,Rhys Hoskins,656555,CLE,Connor Prielipp,687570.0
2026-07-08,David Fry,681807,CLE,Connor Prielipp,687570.0
2026-07-08,Juan Brito,682877,CLE,Connor Prielipp,687570.0
2026-07-08,Austin Hedges,595978,CLE,Connor Prielipp,687570.0
2026-07-08,Travis Bazzana,683953,CLE,Connor Prielipp,687570.0
2026-07-08,Petey Halpin,690984,CLE,Connor Prielipp,687570.0
2026-07-08,Patrick Bailey,672275,CLE,Connor Prielipp,687570.0
2026-07-08,Stuart Fairchild,656413,CLE,Connor Prielipp,687570.0
2026-07-08,Kahlil Watson,696135,CLE,Connor Prielipp,687570.0
2026-07-08,Cooper Ingle,694876,CLE,Connor Prielipp,687570.0
2026-07-08,Carter Kieboom,666198,CLE,Connor Prielipp,687570.0
2026-07-08,Heribert Silva,808137,CLE,Connor Prielipp,687570.0
2026-07-08,Jonathan Martinez,808159,CLE,Connor Prielipp,687570.0
2026-07-08,Pedro Dalmagro,808116,CLE,Connor Prielipp,687570.0
2026-07-08,Dom Nuñez,624513,CLE,Connor Prielipp,687570.0
2026-07-08,Luis De La Cruz,821139,CLE,Connor Prielipp,687570.0
2026-07-08,Yerlin Luis,806997,CLE,Connor Prielipp,687570.0
2026-07-08,Nolan Jones,666134,CLE,Connor Prielipp,687570.0
2026-07-08,Milan Tolentino,675455,CLE,Connor Prielipp,687570.0
2026-07-08,Joe Lampe,802407,CLE,Connor Prielipp,687570.0
2026-07-08,Anthony Martinez,814452,CLE,Connor Prielipp,687570.0
2026-07-08,Ryan Cesarini,825761,CLE,Connor Prielipp,687570.0
2026-07-08,Jake Fox,695780,CLE,Connor Prielipp,687570.0
2026-07-08,Juan Benjamin,691405,CLE,Connor Prielipp,687570.0
2026-07-08,Dauri Fernandez,821171,CLE,Connor Prielipp,687570.0
2026-07-08,Reiner Herrera,808096,CLE,Connor Prielipp,687570.0
2026-07-08,Jacob Cozart,695524,CLE,Connor Prielipp,687570.0
2026-07-08,Yaikel Mijares,808119,CLE,Connor Prielipp,687570.0
2026-07-08,Bryce Arnold,683301,CLE,Connor Prielipp,687570.0
2026-07-08,Dayan Frias,682679,CLE,Connor Prielipp,687570.0
2026-07-08,Alex Mooney,695612,CLE,Connor Prielipp,687570.0
2026-07-08,Wuilfredo Antunez,686404,CLE,Connor Prielipp,687570.0
2026-07-08,Garrett Howe,827628,CLE,Connor Prielipp,687570.0
2026-07-08,Jose Devers,691410,CLE,Connor Prielipp,687570.0
2026-07-08,Cannon Peebles,702555,CLE,Connor Prielipp,687570.0
2026-07-08,Angel Abreu,834685,CLE,Connor Prielipp,687570.0
2026-07-08,Randy Martinez,821690,CLE,Connor Prielipp,687570.0
2026-07-08,Jace LaViolette,702593,CLE,Connor Prielipp,687570.0
2026-07-08,Jose Pirela,808141,CLE,Connor Prielipp,687570.0
2026-07-08,Maick Collado,691408,CLE,Connor Prielipp,687570.0
2026-07-08,Kevin Rivas,691422,CLE,Connor Prielipp,687570.0
2026-07-08,Ricardo Romero,829997,CLE,Connor Prielipp,687570.0
2026-07-08,Gabriel Rodriguez,821657,CLE,Connor Prielipp,687570.0
2026-07-08,Jaison Chourio,702693,CLE,Connor Prielipp,687570.0
2026-07-08,Nolan Schubart,702278,CLE,Connor Prielipp,687570.0
2026-07-08,Ralphy Velazquez,806252,CLE,Connor Prielipp,687570.0
2026-07-08,Dean Curley,806053,CLE,Connor Prielipp,687570.0
2026-07-08,Jhonkensy Noel,678877,CLE,Connor Prielipp,687570.0
2026-07-08,Byron Buxton,621439,MIN,Slade Cecconi,677944.0
2026-07-08,Austin Martin,668885,MIN,Slade Cecconi,677944.0
2026-07-08,Luke Keaschall,807712,MIN,Slade Cecconi,677944.0
2026-07-08,Ryan Jeffers,680777,MIN,Slade Cecconi,677944.0
2026-07-08,Josh Bell,605137,MIN,Slade Cecconi,677944.0
2026-07-08,Victor Caratini,605170,MIN,Slade Cecconi,677944.0
2026-07-08,Matt Wallner,670242,MIN,Slade Cecconi,677944.0
2026-07-08,Brooks Lee,686797,MIN,Slade Cecconi,677944.0
2026-07-08,Ryan Kreidler,668952,MIN,Slade Cecconi,677944.0
2026-07-08,Trevor Larnach,663616,MIN,Slade Cecconi,677944.0
2026-07-08,Kody Clemens,665019,MIN,Slade Cecconi,677944.0
2026-07-08,Tristan Gray,656484,MIN,Slade Cecconi,677944.0
2026-07-08,Royce Lewis,668904,MIN,Slade Cecconi,677944.0
2026-07-08,Orlando Arcia,606115,MIN,Slade Cecconi,677944.0
2026-07-08,Gabriel Gonzalez,694224,MIN,Slade Cecconi,677944.0
2026-07-08,Alex Jackson,656577,MIN,Slade Cecconi,677944.0
2026-07-08,Kyler Fedko,693459,MIN,Slade Cecconi,677944.0
2026-07-08,Alan Roden,702176,MIN,Slade Cecconi,677944.0
2026-07-08,Gio Urshela,570482,MIN,Slade Cecconi,677944.0
2026-07-08,David Bañuelos,675915,MIN,Slade Cecconi,677944.0
2026-07-08,Tanner Schobel,802355,MIN,Slade Cecconi,677944.0
2026-07-08,Kala'i Rosario,693850,MIN,Slade Cecconi,677944.0
2026-07-08,Yasser Mercedes,703160,MIN,Slade Cecconi,677944.0
2026-07-08,Yilber Herrera,703191,MIN,Slade Cecconi,677944.0
2026-07-08,Noah Cardenas,681433,MIN,Slade Cecconi,677944.0
2026-07-08,Ben Ross,805346,MIN,Slade Cecconi,677944.0
2026-07-08,Maddux Houghton,806368,MIN,Slade Cecconi,677944.0
2026-07-08,Rayne Doncon,699061,MIN,Slade Cecconi,677944.0
2026-07-08,Jake Rucker,696160,MIN,Slade Cecconi,677944.0
2026-07-08,Ramiro Dominguez,823719,MIN,Slade Cecconi,677944.0
2026-07-08,Jacob McCombs,829643,MIN,Slade Cecconi,677944.0
2026-07-08,Caden Kendle,814522,MIN,Slade Cecconi,677944.0
2026-07-08,Harry Genth,702025,MIN,Slade Cecconi,677944.0
2026-07-08,Jayson Bass,814188,MIN,Slade Cecconi,677944.0
2026-07-08,Merphy Hernandez,821075,MIN,Slade Cecconi,677944.0
2026-07-08,Jose Salas,691191,MIN,Slade Cecconi,677944.0
2026-07-08,Luis Fragoza,821613,MIN,Slade Cecconi,677944.0
2026-07-08,Jaime Ferrer,695634,MIN,Slade Cecconi,677944.0
2026-07-08,Ricardo Olivar,691627,MIN,Slade Cecconi,677944.0
2026-07-08,Billy Amick,701771,MIN,Slade Cecconi,677944.0
2026-07-08,Jose Miranda,669304,MIN,Slade Cecconi,677944.0
2026-07-08,DaShawn Keirsey Jr.,680577,MIN,Slade Cecconi,677944.0
2026-07-08,Trevor Story,596115,BOS,Davis Martin,663436.0
2026-07-08,Romy Gonzalez,663853,BOS,Davis Martin,663436.0
2026-07-08,Carlos Narváez,665966,BOS,Davis Martin,663436.0
2026-07-08,Nate Eaton,681987,BOS,Davis Martin,663436.0
2026-07-08,Jarren Duran,680776,BOS,Davis Martin,663436.0
2026-07-08,Ceddanne Rafaela,678882,BOS,Davis Martin,663436.0
2026-07-08,Nick Sogard,686765,BOS,Davis Martin,663436.0
2026-07-08,Masataka Yoshida,807799,BOS,Davis Martin,663436.0
2026-07-08,Wilyer Abreu,677800,BOS,Davis Martin,663436.0
2026-07-08,Roman Anthony,701350,BOS,Davis Martin,663436.0
2026-07-08,Caleb Durbin,702332,BOS,Davis Martin,663436.0
2026-07-08,Willson Contreras,575929,BOS,Davis Martin,663436.0
2026-07-08,Marcelo Mayer,691785,BOS,Davis Martin,663436.0
2026-07-08,Andruw Monasterio,655316,BOS,Davis Martin,663436.0
2026-07-08,Isiah Kiner-Falefa,643396,BOS,Davis Martin,663436.0
2026-07-08,Connor Wong,657136,BOS,Davis Martin,663436.0
2026-07-08,Mickey Gasper,681508,BOS,Davis Martin,663436.0
2026-07-08,Anthony Seigler,678011,BOS,Davis Martin,663436.0
2026-07-08,Tsung-Che Cheng,691907,BOS,Davis Martin,663436.0
2026-07-08,Mikey Romero,702540,BOS,Davis Martin,663436.0
2026-07-08,Jason Delay,641511,BOS,Davis Martin,663436.0
2026-07-08,Braiden Ward,685274,BOS,Davis Martin,663436.0
2026-07-08,Kristian Campbell,692225,BOS,Davis Martin,663436.0
2026-07-08,Max Ferguson,681132,BOS,Davis Martin,663436.0
2026-07-08,Nathan Hickey,687208,BOS,Davis Martin,663436.0
2026-07-08,Allan Castro,691369,BOS,Davis Martin,663436.0
2026-07-08,Tyler McDonough,694812,BOS,Davis Martin,663436.0
2026-07-08,Vinny Capra,681962,BOS,Davis Martin,663436.0
2026-07-08,Ronald Rosario,691385,BOS,Davis Martin,663436.0
2026-07-08,Andrews Opata,836168,BOS,Davis Martin,663436.0
2026-07-08,Starlyn Nunez,808245,BOS,Davis Martin,663436.0
2026-07-08,Matt Thaiss,642136,BOS,Davis Martin,663436.0
2026-07-08,D'Angelo Ortiz,808571,BOS,Davis Martin,663436.0
2026-07-08,Jack Winnay,813400,BOS,Davis Martin,663436.0
2026-07-08,Ahbram Liendo,699157,BOS,Davis Martin,663436.0
2026-07-08,Antonio Anderson,702995,BOS,Davis Martin,663436.0
2026-07-08,Anderson Fermin,821112,BOS,Davis Martin,663436.0
2026-07-08,Stanley Tucker,805964,BOS,Davis Martin,663436.0
2026-07-08,Jhorman Bravo,829939,BOS,Davis Martin,663436.0
2026-07-08,Natanael Yuten,800256,BOS,Davis Martin,663436.0
2026-07-08,Nate Baez,686960,BOS,Davis Martin,663436.0
2026-07-08,Will Turner,814444,BOS,Davis Martin,663436.0
2026-07-08,Nelly Taylor,807511,BOS,Davis Martin,663436.0
2026-07-08,Isaiah Jackson,805365,BOS,Davis Martin,663436.0
2026-07-08,Freili Encarnacion,703175,BOS,Davis Martin,663436.0
2026-07-08,Triston Casas,671213,BOS,Davis Martin,663436.0
2026-07-08,Blake Sabol,666165,BOS,Davis Martin,663436.0
2026-07-08,Miguel Vargas,678246,CWS,Jake Bennett,687562.0
2026-07-08,Chase Meidroth,805367,CWS,Jake Bennett,687562.0
2026-07-08,Munetaka Murakami,808959,CWS,Jake Bennett,687562.0
2026-07-08,Everson Pereira,677592,CWS,Jake Bennett,687562.0
2026-07-08,Edgar Quero,700337,CWS,Jake Bennett,687562.0
2026-07-08,Colson Montgomery,695657,CWS,Jake Bennett,687562.0
2026-07-08,Tanner Murray,695020,CWS,Jake Bennett,687562.0
2026-07-08,Luisangel Acuña,682668,CWS,Jake Bennett,687562.0
2026-07-08,Andrew Benintendi,643217,CWS,Jake Bennett,687562.0
2026-07-08,Tristan Peters,671976,CWS,Jake Bennett,687562.0
2026-07-08,Sam Antonacci,803011,CWS,Jake Bennett,687562.0
2026-07-08,Reese McGuire,624512,CWS,Jake Bennett,687562.0
2026-07-08,Drew Romo,691011,CWS,Jake Bennett,687562.0
2026-07-08,Austin Hays,669720,CWS,Jake Bennett,687562.0
2026-07-08,Randal Grichuk,545341,CWS,Jake Bennett,687562.0
2026-07-08,Rikuu Nishida,807747,CWS,Jake Bennett,687562.0
2026-07-08,Jacob Gonzalez,694378,CWS,Jake Bennett,687562.0
2026-07-08,Braden Montgomery,695731,CWS,Jake Bennett,687562.0
2026-07-08,Junior Perez,678577,CWS,Jake Bennett,687562.0
2026-07-08,Kyle Teel,691019,CWS,Jake Bennett,687562.0
2026-07-08,Korey Lee,686676,CWS,Jake Bennett,687562.0
2026-07-08,William Bergolla Jr.,703151,CWS,Jake Bennett,687562.0
2026-07-08,Andy Weber,681581,CWS,Jake Bennett,687562.0
2026-07-08,Dru Baker,681333,CWS,Jake Bennett,687562.0
2026-07-08,Jeral Perez,800419,CWS,Jake Bennett,687562.0
2026-07-08,Ryan Galanie,814436,CWS,Jake Bennett,687562.0
2026-07-08,Samuel Zavala,694214,CWS,Jake Bennett,687562.0
2026-07-08,Mario Camilletti,680519,CWS,Jake Bennett,687562.0
2026-07-08,Jacob Burke,804240,CWS,Jake Bennett,687562.0
2026-07-08,Anthony DePino,834962,CWS,Jake Bennett,687562.0
2026-07-08,Darren Baker,671117,CWS,Jake Bennett,687562.0
2026-07-08,Alec Briley,701062,CWS,Jake Bennett,687562.0
2026-07-08,Michael Turner,694478,CWS,Jake Bennett,687562.0
2026-07-08,Bryce Eblin,694469,CWS,Jake Bennett,687562.0
2026-07-08,Drake Logan,805763,CWS,Jake Bennett,687562.0
2026-07-08,Kyle Lodise,827517,CWS,Jake Bennett,687562.0
2026-07-08,George Wolkow,805804,CWS,Jake Bennett,687562.0
2026-07-08,Caden Connor,804645,CWS,Jake Bennett,687562.0
2026-07-08,Adam Hackenberg,680753,CWS,Jake Bennett,687562.0
2026-07-08,Jason Matthews,667240,CWS,Jake Bennett,687562.0
2026-07-08,Nathan Archer,814453,CWS,Jake Bennett,687562.0
2026-07-08,Jordan Sprinkle,688394,CWS,Jake Bennett,687562.0
2026-07-08,Nick Maton,665155,CWS,Jake Bennett,687562.0
2026-07-08,Matt Thaiss,642136,CWS,Jake Bennett,687562.0
2026-07-08,Jacob Amaya,676070,CWS,Jake Bennett,687562.0
2026-07-08,Brooks Baldwin,681460,CWS,Jake Bennett,687562.0
2026-07-08,Travis Jankowski,608671,CWS,Jake Bennett,687562.0
2026-07-08,Michael A. Taylor,572191,CWS,Jake Bennett,687562.0
2026-07-08,Omar Narváez,553882,CWS,Jake Bennett,687562.0
2026-07-08,Joshua Palacios,641943,CWS,Jake Bennett,687562.0
2026-07-08,Jackson Chourio,694192,MIL,Michael McGreevy,700241.0
2026-07-08,Brice Turang,668930,MIL,Michael McGreevy,700241.0
2026-07-08,William Contreras,661388,MIL,Michael McGreevy,700241.0
2026-07-08,Christian Yelich,592885,MIL,Michael McGreevy,700241.0
2026-07-08,Andrew Vaughn,683734,MIL,Michael McGreevy,700241.0
2026-07-08,Sal Frelick,686217,MIL,Michael McGreevy,700241.0
2026-07-08,Blake Perkins,663368,MIL,Michael McGreevy,700241.0
2026-07-08,Joey Ortiz,687401,MIL,Michael McGreevy,700241.0
2026-07-08,Jake Bauers,641343,MIL,Michael McGreevy,700241.0
2026-07-08,Brandon Lockridge,663604,MIL,Michael McGreevy,700241.0
2026-07-08,Gary Sánchez,596142,MIL,Michael McGreevy,700241.0
2026-07-08,Luis Matos,682641,MIL,Michael McGreevy,700241.0
2026-07-08,Garrett Mitchell,669003,MIL,Michael McGreevy,700241.0
2026-07-08,David Hamilton,666152,MIL,Michael McGreevy,700241.0
2026-07-08,Luis Rengifo,650859,MIL,Michael McGreevy,700241.0
2026-07-08,Greg Jones,675659,MIL,Michael McGreevy,700241.0
2026-07-08,Tyler Black,672012,MIL,Michael McGreevy,700241.0
2026-07-08,Cooper Pratt,806198,MIL,Michael McGreevy,700241.0
2026-07-08,Luis Lara,800325,MIL,Michael McGreevy,700241.0
2026-07-08,Luke Adams,702726,MIL,Michael McGreevy,700241.0
2026-07-08,Jacob Hurtubise,674441,MIL,Michael McGreevy,700241.0
2026-07-08,Blake Burke,695501,MIL,Michael McGreevy,700241.0
2026-07-08,José Anderson,821262,MIL,Michael McGreevy,700241.0
2026-07-08,Jett Williams,702518,MIL,Michael McGreevy,700241.0
2026-07-08,Brock Wilken,694385,MIL,Michael McGreevy,700241.0
2026-07-08,Mike Boeve,801670,MIL,Michael McGreevy,700241.0
2026-07-08,Ramón Rodríguez,670232,MIL,Michael McGreevy,700241.0
2026-07-08,Brady Ebel,815816,MIL,Michael McGreevy,700241.0
2026-07-08,Ethan Murray,696140,MIL,Michael McGreevy,700241.0
2026-07-08,Braylon Payne,815520,MIL,Michael McGreevy,700241.0
2026-07-08,Josiah Ragsdale,828824,MIL,Michael McGreevy,700241.0
2026-07-08,Eddys Leonard,678760,MIL,Michael McGreevy,700241.0
2026-07-08,Marco Dinges,701392,MIL,Michael McGreevy,700241.0
2026-07-08,Jesús Made,815908,MIL,Michael McGreevy,700241.0
2026-07-08,Josh Adamczewski,815304,MIL,Michael McGreevy,700241.0
2026-07-08,Daniel Dickinson,823658,MIL,Michael McGreevy,700241.0
2026-07-08,Freddy Zamora,668965,MIL,Michael McGreevy,700241.0
2026-07-08,Juan Baez,800345,MIL,Michael McGreevy,700241.0
2026-07-08,Eric Brown Jr.,687521,MIL,Michael McGreevy,700241.0
2026-07-08,Dasan Brown,672018,MIL,Michael McGreevy,700241.0
2026-07-08,Andrew Fischer,702652,MIL,Michael McGreevy,700241.0
2026-07-08,Dylan O'Rae,802506,MIL,Michael McGreevy,700241.0
2026-07-08,Matthew Wood,687783,MIL,Michael McGreevy,700241.0
2026-07-08,Daniel Guilarte,694206,MIL,Michael McGreevy,700241.0
2026-07-08,Jeferson Quero,691620,MIL,Michael McGreevy,700241.0
2026-07-08,Luis Castillo,699127,MIL,Michael McGreevy,700241.0
2026-07-08,Kay-Lan Nicasia,702461,MIL,Michael McGreevy,700241.0
2026-07-08,David García,671272,MIL,Michael McGreevy,700241.0
2026-07-08,Jheremy Vargas,691621,MIL,Michael McGreevy,700241.0
2026-07-08,Jadyn Fielder,815723,MIL,Michael McGreevy,700241.0
2026-07-08,Vinny Capra,681962,MIL,Michael McGreevy,700241.0
2026-07-08,JJ Wetherholt,802139,STL,Kyle Harrison,690986.0
2026-07-08,Iván Herrera,671056,STL,Kyle Harrison,690986.0
2026-07-08,Alec Burleson,676475,STL,Kyle Harrison,690986.0
2026-07-08,Jordan Walker,691023,STL,Kyle Harrison,690986.0
2026-07-08,Nolan Gorman,669357,STL,Kyle Harrison,690986.0
2026-07-08,Masyn Winn,691026,STL,Kyle Harrison,690986.0
2026-07-08,Nathan Church,701675,STL,Kyle Harrison,690986.0
2026-07-08,Pedro Pagés,686780,STL,Kyle Harrison,690986.0
2026-07-08,Victor Scott II,687363,STL,Kyle Harrison,690986.0
2026-07-08,José Fermín,665877,STL,Kyle Harrison,690986.0
2026-07-08,Thomas Saggese,695336,STL,Kyle Harrison,690986.0
2026-07-08,Ramón Urías,602104,STL,Kyle Harrison,690986.0
2026-07-08,Yohel Pozo,650968,STL,Kyle Harrison,690986.0
2026-07-08,César Prieto,693409,STL,Kyle Harrison,690986.0
2026-07-08,Bryan Torres,663494,STL,Kyle Harrison,690986.0
2026-07-08,Nelson Velázquez,676369,STL,Kyle Harrison,690986.0
2026-07-08,Jimmy Crooks,699625,STL,Kyle Harrison,690986.0
2026-07-08,Lars Nootbaar,663457,STL,Kyle Harrison,690986.0
2026-07-08,Blaze Jordan,691458,STL,Kyle Harrison,690986.0
2026-07-08,Brody Moore,690914,STL,Kyle Harrison,690986.0
2026-07-08,Jeremy Rivas,692405,STL,Kyle Harrison,690986.0
2026-07-08,Trey Paige,813852,STL,Kyle Harrison,690986.0
2026-07-08,José Suárez,699027,STL,Kyle Harrison,690986.0
2026-07-08,Ramon Mendoza,680636,STL,Kyle Harrison,690986.0
2026-07-08,Matt Koperniak,689288,STL,Kyle Harrison,690986.0
2026-07-08,Andy Yerzy,647378,STL,Kyle Harrison,690986.0
2026-07-08,Jose Cordoba,692390,STL,Kyle Harrison,690986.0
2026-07-08,Bligh Madris,676632,STL,Kyle Harrison,690986.0
2026-07-08,Tai Peete,806191,STL,Kyle Harrison,690986.0
2026-07-08,Jon Jon Gazdar,822501,STL,Kyle Harrison,690986.0
2026-07-08,Jesús  Báez,800305,STL,Kyle Harrison,690986.0
2026-07-08,Colton Ledbetter,807742,STL,Kyle Harrison,690986.0
2026-07-08,Dakota Harris,703766,STL,Kyle Harrison,690986.0
2026-07-08,Miguel Villarroel,692446,STL,Kyle Harrison,690986.0
2026-07-08,Noah Mendlinger,702331,STL,Kyle Harrison,690986.0
2026-07-08,Anyelo Encarnación,699031,STL,Kyle Harrison,690986.0
2026-07-08,Jalin Flores,703602,STL,Kyle Harrison,690986.0
2026-07-08,Won-Bin Cho,800231,STL,Kyle Harrison,690986.0
2026-07-08,Ryan Mitchell,815829,STL,Kyle Harrison,690986.0
2026-07-08,Jonathan Mejía,703158,STL,Kyle Harrison,690986.0
2026-07-08,Miguel Hernández,829791,STL,Kyle Harrison,690986.0
2026-07-08,Zach Neto,687263,LAA,MacKenzie Gore,669022.0
2026-07-08,Mike Trout,545361,LAA,MacKenzie Gore,669022.0
2026-07-08,Nolan Schanuel,694384,LAA,MacKenzie Gore,669022.0
2026-07-08,Jorge Soler,624585,LAA,MacKenzie Gore,669022.0
2026-07-08,Yoán Moncada,660162,LAA,MacKenzie Gore,669022.0
2026-07-08,Jo Adell,666176,LAA,MacKenzie Gore,669022.0
2026-07-08,Josh Lowe,666139,LAA,MacKenzie Gore,669022.0
2026-07-08,Logan O'Hoppe,681351,LAA,MacKenzie Gore,669022.0
2026-07-08,Adam Frazier,624428,LAA,MacKenzie Gore,669022.0
2026-07-08,Vaughn Grissom,687093,LAA,MacKenzie Gore,669022.0
2026-07-08,Oswald Peraza,672724,LAA,MacKenzie Gore,669022.0
2026-07-08,Bryce Teodosio,669326,LAA,MacKenzie Gore,669022.0
2026-07-08,Travis d'Arnaud,518595,LAA,MacKenzie Gore,669022.0
2026-07-08,Sebastián  Rivero,665861,LAA,MacKenzie Gore,669022.0
2026-07-08,Omar Martinez,683079,LAA,MacKenzie Gore,669022.0
2026-07-08,Jose Siri,642350,LAA,MacKenzie Gore,669022.0
2026-07-08,Wade Meckler,685133,LAA,MacKenzie Gore,669022.0
2026-07-08,Donovan Walton,622268,LAA,MacKenzie Gore,669022.0
2026-07-08,Nick Madrigal,663611,LAA,MacKenzie Gore,669022.0
2026-07-08,Denzer Guzman,694203,LAA,MacKenzie Gore,669022.0
2026-07-08,Trey Mancini,641820,LAA,MacKenzie Gore,669022.0
2026-07-08,Logan Porter,682515,LAA,MacKenzie Gore,669022.0
2026-07-08,Christian Moore,695681,LAA,MacKenzie Gore,669022.0
2026-07-08,Tyler Heineman,623168,LAA,MacKenzie Gore,669022.0
2026-07-08,Jeimer Candelario,600869,LAA,MacKenzie Gore,669022.0
2026-07-08,Chris Taylor,621035,LAA,MacKenzie Gore,669022.0
2026-07-08,Yolmer Sánchez,570560,LAA,MacKenzie Gore,669022.0
2026-07-08,Zach Humphreys,668876,LAA,MacKenzie Gore,669022.0
2026-07-08,Randy De Jesus,703194,LAA,MacKenzie Gore,669022.0
2026-07-08,Hayden Alvarez,820986,LAA,MacKenzie Gore,669022.0
2026-07-08,Mac McCroskey,815151,LAA,MacKenzie Gore,669022.0
2026-07-08,Edgar Alfonso,701660,LAA,MacKenzie Gore,669022.0
2026-07-08,Gabriel Davalillo,829058,LAA,MacKenzie Gore,669022.0
2026-07-08,David Calabrese,683341,LAA,MacKenzie Gore,669022.0
2026-07-08,Peter Burns,686196,LAA,MacKenzie Gore,669022.0
2026-07-08,Tucker Flint,687272,LAA,MacKenzie Gore,669022.0
2026-07-08,Niko Kavadas,694359,LAA,MacKenzie Gore,669022.0
2026-07-08,Jorge Ruiz,702409,LAA,MacKenzie Gore,669022.0
2026-07-08,Kevin Bruggeman,815755,LAA,MacKenzie Gore,669022.0
2026-07-08,Kendrey Maduro,701342,LAA,MacKenzie Gore,669022.0
2026-07-08,Gage Harrelson,702629,LAA,MacKenzie Gore,669022.0
2026-07-08,Harold Coll,694563,LAA,MacKenzie Gore,669022.0
2026-07-08,Arol Vera,691186,LAA,MacKenzie Gore,669022.0
2026-07-08,Ryan Nicholson,690804,LAA,MacKenzie Gore,669022.0
2026-07-08,Kevyn Castillo,800203,LAA,MacKenzie Gore,669022.0
2026-07-08,Johan Macias,691571,LAA,MacKenzie Gore,669022.0
2026-07-08,Bryan Martinez,808115,LAA,MacKenzie Gore,669022.0
2026-07-08,Lucas Ramirez,813429,LAA,MacKenzie Gore,669022.0
2026-07-08,David Mershon,702574,LAA,MacKenzie Gore,669022.0
2026-07-08,LeTrey McCollum,701742,LAA,MacKenzie Gore,669022.0
2026-07-08,Jake Munroe,827719,LAA,MacKenzie Gore,669022.0
2026-07-08,Jonny McGill,692169,LAA,MacKenzie Gore,669022.0
2026-07-08,J.J. D'Orazio,683490,LAA,MacKenzie Gore,669022.0
2026-07-08,Gustavo Campero,672569,LAA,MacKenzie Gore,669022.0
2026-07-08,Ben Gobbel,806534,LAA,MacKenzie Gore,669022.0
2026-07-08,Kevin Newman,621028,LAA,MacKenzie Gore,669022.0
2026-07-08,Kyren Paris,677347,LAA,MacKenzie Gore,669022.0
2026-07-08,Tim Anderson,641313,LAA,MacKenzie Gore,669022.0
2026-07-08,J.D. Davis,605204,LAA,MacKenzie Gore,669022.0
2026-07-08,Brandon Nimmo,607043,TEX,Walbert Urena,700712.0
2026-07-08,Evan Carter,694497,TEX,Walbert Urena,700712.0
2026-07-08,Corey Seager,608369,TEX,Walbert Urena,700712.0
2026-07-08,Jake Burger,669394,TEX,Walbert Urena,700712.0
2026-07-08,Joc Pederson,592626,TEX,Walbert Urena,700712.0
2026-07-08,Kyle Higashioka,543309,TEX,Walbert Urena,700712.0
2026-07-08,Josh Smith,669701,TEX,Walbert Urena,700712.0
2026-07-08,Josh Jung,673962,TEX,Walbert Urena,700712.0
2026-07-08,Ezequiel Duran,677649,TEX,Walbert Urena,700712.0
2026-07-08,Wyatt Langford,694671,TEX,Walbert Urena,700712.0
2026-07-08,Sam Haggerty,664059,TEX,Walbert Urena,700712.0
2026-07-08,Andrew McCutchen,457705,TEX,Walbert Urena,700712.0
2026-07-08,Danny Jansen,643376,TEX,Walbert Urena,700712.0
2026-07-08,Alejandro Osuna,696030,TEX,Walbert Urena,700712.0
2026-07-08,Justin Foscue,679822,TEX,Walbert Urena,700712.0
2026-07-08,Michael Helman,680737,TEX,Walbert Urena,700712.0
2026-07-08,Nicky Lopez,670032,TEX,Walbert Urena,700712.0
2026-07-08,Cody Freeman,683227,TEX,Walbert Urena,700712.0
2026-07-08,Elias Díaz,553869,TEX,Walbert Urena,700712.0
2026-07-08,Jarred Kelenic,672284,TEX,Walbert Urena,700712.0
2026-07-08,Cam Cauley,695508,TEX,Walbert Urena,700712.0
2026-07-08,Mark Canha,592192,TEX,Walbert Urena,700712.0
2026-07-08,Tyler Wade,642180,TEX,Walbert Urena,700712.0
2026-07-08,Jonah Bride,681146,TEX,Walbert Urena,700712.0
2026-07-08,Jose Herrera,645444,TEX,Walbert Urena,700712.0
2026-07-08,Malcolm Moore,702270,TEX,Walbert Urena,700712.0
2026-07-08,Keith Jones II,695069,TEX,Walbert Urena,700712.0
2026-07-08,Cooper Johnson,666194,TEX,Walbert Urena,700712.0
2026-07-08,Marcus Lee Sang,686984,TEX,Walbert Urena,700712.0
2026-07-08,Dairon Blanco,680118,TEX,Walbert Urena,700712.0
2026-07-08,Rafe Perich,825927,TEX,Walbert Urena,700712.0
2026-07-08,Carter Garate,804466,TEX,Walbert Urena,700712.0
2026-07-08,Andry Batista,821614,TEX,Walbert Urena,700712.0
2026-07-08,Esteban Mejia,800354,TEX,Walbert Urena,700712.0
2026-07-08,Danyer Cueva,694227,TEX,Walbert Urena,700712.0
2026-07-08,Wady Mendez,801525,TEX,Walbert Urena,700712.0
2026-07-08,Nick Pratto,668472,TEX,Walbert Urena,700712.0
2026-07-08,Andrew Velazquez,623205,TEX,Walbert Urena,700712.0
2026-07-08,Orlando Martinez,678636,TEX,Walbert Urena,700712.0
2026-07-08,Ian Moller,695744,TEX,Walbert Urena,700712.0
2026-07-08,Richie Martin Jr.,621006,TEX,Walbert Urena,700712.0
2026-07-08,Trevor Hauver,669386,TEX,Walbert Urena,700712.0
2026-07-08,Aaron Zavala,701648,TEX,Walbert Urena,700712.0
2026-07-08,Willie MacIver,680862,TEX,Walbert Urena,700712.0
2026-07-08,Kevin Pillar,607680,TEX,Walbert Urena,700712.0
2026-07-08,Jonathan Ornelas,680716,TEX,Walbert Urena,700712.0
2026-07-08,Tyler Freeman,671289,COL,Roki Sasaki,808963.0
2026-07-08,Brenton Doyle,686668,COL,Roki Sasaki,808963.0
2026-07-08,Hunter Goodman,696100,COL,Roki Sasaki,808963.0
2026-07-08,Willi Castro,650489,COL,Roki Sasaki,808963.0
2026-07-08,TJ Rumfield,681198,COL,Roki Sasaki,808963.0
2026-07-08,Ezequiel Tovar,678662,COL,Roki Sasaki,808963.0
2026-07-08,Jordan Beck,687597,COL,Roki Sasaki,808963.0
2026-07-08,Kyle Karros,691720,COL,Roki Sasaki,808963.0
2026-07-08,Jake McCarthy,664983,COL,Roki Sasaki,808963.0
2026-07-08,Mickey Moniak,666160,COL,Roki Sasaki,808963.0
2026-07-08,Troy Johnston,687859,COL,Roki Sasaki,808963.0
2026-07-08,Edouard Julien,666397,COL,Roki Sasaki,808963.0
2026-07-08,Brett Sullivan,664954,COL,Roki Sasaki,808963.0
2026-07-08,Sterlin Thompson,694514,COL,Roki Sasaki,808963.0
2026-07-08,Braxton Fulford,690924,COL,Roki Sasaki,808963.0
2026-07-08,Chad Stevens,677060,COL,Roki Sasaki,808963.0
2026-07-08,Cole Carrigg,694249,COL,Roki Sasaki,808963.0
2026-07-08,Vimael Machín,605353,COL,Roki Sasaki,808963.0
2026-07-08,Charlie Condon,809707,COL,Roki Sasaki,808963.0
2026-07-08,Andy Perez,700321,COL,Roki Sasaki,808963.0
2026-07-08,Adael Amador,691182,COL,Roki Sasaki,808963.0
2026-07-08,Ryan Ritter,690022,COL,Roki Sasaki,808963.0
2026-07-08,Bryant Betancourt,700164,COL,Roki Sasaki,808963.0
2026-07-08,Dyan Jorge,694170,COL,Roki Sasaki,808963.0
2026-07-08,Robert Calaz,806978,COL,Roki Sasaki,808963.0
2026-07-08,Tommy Hopfe,809101,COL,Roki Sasaki,808963.0
2026-07-08,Ethan Hedges,805260,COL,Roki Sasaki,808963.0
2026-07-08,Alessander De La Cruz,807987,COL,Roki Sasaki,808963.0
2026-07-08,Nic Kent,684715,COL,Roki Sasaki,808963.0
2026-07-08,Skyler Messinger,676038,COL,Roki Sasaki,808963.0
2026-07-08,Jacob Humphrey,814410,COL,Roki Sasaki,808963.0
2026-07-08,Clayton Gray,694732,COL,Roki Sasaki,808963.0
2026-07-08,Benny Montgomery,695603,COL,Roki Sasaki,808963.0
2026-07-08,Conner Capel,668843,COL,Roki Sasaki,808963.0
2026-07-08,Kevin Fitzer,822624,COL,Roki Sasaki,808963.0
2026-07-08,Jose Torres,686958,COL,Roki Sasaki,808963.0
2026-07-08,GJ Hill,677338,COL,Roki Sasaki,808963.0
2026-07-08,Tevin Tucker,686683,COL,Roki Sasaki,808963.0
2026-07-08,Zach Kokoska,694808,COL,Roki Sasaki,808963.0
2026-07-08,Jose Cordova,682276,COL,Roki Sasaki,808963.0
2026-07-08,Kris Bryant,592178,COL,Roki Sasaki,808963.0
2026-07-08,Michael Toglia,669911,COL,Roki Sasaki,808963.0
2026-07-08,Nick Martini,605361,COL,Roki Sasaki,808963.0
2026-07-08,Sean Bouchard,656248,COL,Roki Sasaki,808963.0
2026-07-08,Jacob Stallings,607732,COL,Roki Sasaki,808963.0
2026-07-08,Zac Veen,691728,COL,Roki Sasaki,808963.0
2026-07-08,Shohei Ohtani,660271,LAD,Gabriel Hughes,687312.0
2026-07-08,Mookie Betts,605141,LAD,Gabriel Hughes,687312.0
2026-07-08,Freddie Freeman,518692,LAD,Gabriel Hughes,687312.0
2026-07-08,Teoscar Hernández,606192,LAD,Gabriel Hughes,687312.0
2026-07-08,Max Muncy,571970,LAD,Gabriel Hughes,687312.0
2026-07-08,Andy Pages,681624,LAD,Gabriel Hughes,687312.0
2026-07-08,Enrique Hernández,571771,LAD,Gabriel Hughes,687312.0
2026-07-08,Miguel Rojas,500743,LAD,Gabriel Hughes,687312.0
2026-07-08,Ben Rortvedt,666163,LAD,Gabriel Hughes,687312.0
2026-07-08,Will Smith,669257,LAD,Gabriel Hughes,687312.0
2026-07-08,Tommy Edman,669242,LAD,Gabriel Hughes,687312.0
2026-07-08,Alex Call,669743,LAD,Gabriel Hughes,687312.0
2026-07-08,Dalton Rushing,687221,LAD,Gabriel Hughes,687312.0
2026-07-08,Kyle Tucker,663656,LAD,Gabriel Hughes,687312.0
2026-07-08,Santiago Espinal,669289,LAD,Gabriel Hughes,687312.0
2026-07-08,Hyeseong Kim,808975,LAD,Gabriel Hughes,687312.0
2026-07-08,Alex Freeland,690976,LAD,Gabriel Hughes,687312.0
2026-07-08,Ryan Ward,669899,LAD,Gabriel Hughes,687312.0
2026-07-08,Chuckie Robinson,642020,LAD,Gabriel Hughes,687312.0
2026-07-08,Eliezer Alfonzo,672613,LAD,Gabriel Hughes,687312.0
2026-07-08,Jack Suwinski,669261,LAD,Gabriel Hughes,687312.0
2026-07-08,Zach Ehrhard,701394,LAD,Gabriel Hughes,687312.0
2026-07-08,James Tibbs III,696486,LAD,Gabriel Hughes,687312.0
2026-07-08,Zyhir Hope,814307,LAD,Gabriel Hughes,687312.0
2026-07-08,Noah Miller,695653,LAD,Gabriel Hughes,687312.0
2026-07-08,Emil Morales,815896,LAD,Gabriel Hughes,687312.0
2026-07-08,Ryan Fitzgerald,680837,LAD,Gabriel Hughes,687312.0
2026-07-08,Mike Sirota,701527,LAD,Gabriel Hughes,687312.0
2026-07-08,Charles Davalan,804560,LAD,Gabriel Hughes,687312.0
2026-07-08,Kyle Nevin,693819,LAD,Gabriel Hughes,687312.0
2026-07-08,Logan Wagner,702488,LAD,Gabriel Hughes,687312.0
2026-07-08,Eduardo Quintero,808234,LAD,Gabriel Hughes,687312.0
2026-07-08,Landyn Vidourek,811716,LAD,Gabriel Hughes,687312.0
2026-07-08,Damon Keith,701618,LAD,Gabriel Hughes,687312.0
2026-07-08,Seby Zavala,664874,LAD,Gabriel Hughes,687312.0
2026-07-08,Samuel Munoz,703153,LAD,Gabriel Hughes,687312.0
2026-07-08,Jake Gelof,695372,LAD,Gabriel Hughes,687312.0
2026-07-08,Eduardo Guerrero,800370,LAD,Gabriel Hughes,687312.0
2026-07-08,John Rhodes,687981,LAD,Gabriel Hughes,687312.0
2026-07-08,Nick Senzel,669222,LAD,Gabriel Hughes,687312.0
2026-07-08,Joe Vetrano,694838,LAD,Gabriel Hughes,687312.0
2026-07-08,Chris Newell,683006,LAD,Gabriel Hughes,687312.0
2026-07-08,Frank Rodriguez,684491,LAD,Gabriel Hughes,687312.0
2026-07-08,Kole Myers,801887,LAD,Gabriel Hughes,687312.0
2026-07-08,Yeiner Fernandez,691558,LAD,Gabriel Hughes,687312.0
2026-07-08,Jaron Elkins,814696,LAD,Gabriel Hughes,687312.0
2026-07-08,Keston Hiura,669374,LAD,Gabriel Hughes,687312.0
2026-07-08,Nico Perez,703639,LAD,Gabriel Hughes,687312.0
2026-07-08,Sean McLain,683169,LAD,Gabriel Hughes,687312.0
2026-07-08,Kellon Lindsey,813916,LAD,Gabriel Hughes,687312.0
2026-07-08,Austin Gauthier,702789,LAD,Gabriel Hughes,687312.0
2026-07-08,Chase Harlan,815792,LAD,Gabriel Hughes,687312.0
2026-07-08,Joendry Vargas,806959,LAD,Gabriel Hughes,687312.0
2026-07-08,Austin Barnes,605131,LAD,Gabriel Hughes,687312.0
2026-07-08,Chris Taylor,621035,LAD,Gabriel Hughes,687312.0
2026-07-08,Ketel Marte,606466,AZ,Michael King,650633.0
2026-07-08,Corbin Carroll,682998,AZ,Michael King,650633.0
2026-07-08,Geraldo Perdomo,672695,AZ,Michael King,650633.0
2026-07-08,Adrian Del Castillo,680728,AZ,Michael King,650633.0
2026-07-08,Jose Fernandez,699912,AZ,Michael King,650633.0
2026-07-08,Ildemaro Vargas,545121,AZ,Michael King,650633.0
2026-07-08,Nolan Arenado,571448,AZ,Michael King,650633.0
2026-07-08,Alek Thomas,677950,AZ,Michael King,650633.0
2026-07-08,Jorge Barrosa,678489,AZ,Michael King,650633.0
2026-07-08,Luken Baker,663609,AZ,Michael King,650633.0
2026-07-08,James McCann,543510,AZ,Michael King,650633.0
2026-07-08,Tim Tawa,694374,AZ,Michael King,650633.0
2026-07-08,Lourdes Gurriel Jr.,666971,AZ,Michael King,650633.0
2026-07-08,Aramis Garcia,605244,AZ,Michael King,650633.0
2026-07-08,Gabriel Moreno,672515,AZ,Michael King,650633.0
2026-07-08,Ryan Waldschmidt,814439,AZ,Michael King,650633.0
2026-07-08,Tommy Troy,694371,AZ,Michael King,650633.0
2026-07-08,Pavin Smith,656976,AZ,Michael King,650633.0
2026-07-08,LuJames Groover,694410,AZ,Michael King,650633.0
2026-07-08,Jordan Lawlar,691783,AZ,Michael King,650633.0
2026-07-08,Max Kepler,596146,AZ,Michael King,650633.0
2026-07-08,Ben McLaughlin,808768,AZ,Michael King,650633.0
2026-07-08,JD Dix,807267,AZ,Michael King,650633.0
2026-07-08,Druw Jones,702258,AZ,Michael King,650633.0
2026-07-08,Wallace Clark,800712,AZ,Michael King,650633.0
2026-07-08,Ruben Santana,800185,AZ,Michael King,650633.0
2026-07-08,Gavin Logan,678099,AZ,Michael King,650633.0
2026-07-08,Yassel Soler,807957,AZ,Michael King,650633.0
2026-07-08,Caleb Roberts,681134,AZ,Michael King,650633.0
2026-07-08,Ivan Melendez,699471,AZ,Michael King,650633.0
2026-07-08,Gavin Conticello,695521,AZ,Michael King,650633.0
2026-07-08,Danny Serretti,681400,AZ,Michael King,650633.0
2026-07-08,Jacob Amaya,676070,AZ,Michael King,650633.0
2026-07-08,Manuel Pena,694211,AZ,Michael King,650633.0
2026-07-08,A.J. Vukovich,691021,AZ,Michael King,650633.0
2026-07-08,Óscar Mercado,640458,AZ,Michael King,650633.0
2026-07-08,Demetrio Crisantes,702679,AZ,Michael King,650633.0
2026-07-08,Pedro Catuy,806869,AZ,Michael King,650633.0
2026-07-08,Adrian Rodriguez,703641,AZ,Michael King,650633.0
2026-07-08,Matt O'Neill,690841,AZ,Michael King,650633.0
2026-07-08,Jansel Luis,800306,AZ,Michael King,650633.0
2026-07-08,Yerald Nin,800206,AZ,Michael King,650633.0
2026-07-08,Junior Franco,691285,AZ,Michael King,650633.0
2026-07-08,Carlos Santana,467793,AZ,Michael King,650633.0
2026-07-08,Brady Counsell,703519,AZ,Michael King,650633.0
2026-07-08,Jakey Josepha,699228,AZ,Michael King,650633.0
2026-07-08,Ivan Luciano,813930,AZ,Michael King,650633.0
2026-07-08,Alexander Benua,699229,AZ,Michael King,650633.0
2026-07-08,Kristian Robinson,677565,AZ,Michael King,650633.0
2026-07-08,Cristofer Torin,800198,AZ,Michael King,650633.0
2026-07-08,Trent Youngblood,827636,AZ,Michael King,650633.0
2026-07-08,Carlos Virahonda,808024,AZ,Michael King,650633.0
2026-07-08,Jesus Valdez,678232,AZ,Michael King,650633.0
2026-07-08,Jack Hurley,694815,AZ,Michael King,650633.0
2026-07-08,Jean Walters,695078,AZ,Michael King,650633.0
2026-07-08,Angel Ortiz,691292,AZ,Michael King,650633.0
2026-07-08,Modeifi Marte,800029,AZ,Michael King,650633.0
2026-07-08,Kyle Sinzza,820989,AZ,Michael King,650633.0
2026-07-08,Jose Herrera,645444,AZ,Michael King,650633.0
2026-07-08,Garrett Hampson,641658,AZ,Michael King,650633.0
2026-07-08,Ryne Nelson,669194,AZ,Michael King,650633.0
2026-07-08,Fernando Tatis Jr.,665487,SD,Unknown (703615),703615.0
2026-07-08,Manny Machado,592518,SD,Unknown (703615),703615.0
2026-07-08,Jackson Merrill,701538,SD,Unknown (703615),703615.0
2026-07-08,Xander Bogaerts,593428,SD,Unknown (703615),703615.0
2026-07-08,Gavin Sheets,657757,SD,Unknown (703615),703615.0
2026-07-08,Jake Cronenworth,630105,SD,Unknown (703615),703615.0
2026-07-08,Freddy Fermin,666023,SD,Unknown (703615),703615.0
2026-07-08,Jose Iglesias,578428,SD,Unknown (703615),703615.0
2026-07-08,Bryce Johnson,669369,SD,Unknown (703615),703615.0
2026-07-08,Ramón Laureano,657656,SD,Unknown (703615),703615.0
2026-07-08,Ty France,664034,SD,Unknown (703615),703615.0
2026-07-08,Luis Campusano,669134,SD,Unknown (703615),703615.0
2026-07-08,Nick Castellanos,592206,SD,Unknown (703615),703615.0
2026-07-08,Miguel Andujar,609280,SD,Unknown (703615),703615.0
2026-07-08,Sung-Mun Song,823550,SD,Unknown (703615),703615.0
2026-07-08,Rodolfo Durán,660710,SD,Unknown (703615),703615.0
2026-07-08,Jase Bowen,687749,SD,Unknown (703615),703615.0
2026-07-08,Samad Taylor,669392,SD,Unknown (703615),703615.0
2026-07-08,Will Wagner,695238,SD,Unknown (703615),703615.0
2026-07-08,Nick Solak,669256,SD,Unknown (703615),703615.0
2026-07-08,Blake Hunt,675448,SD,Unknown (703615),703615.0
2026-07-08,Jose Miranda,669304,SD,Unknown (703615),703615.0
2026-07-08,Mason McCoy,669200,SD,Unknown (703615),703615.0
2026-07-08,Ryan Jackson,810838,SD,Unknown (703615),703615.0
2026-07-08,Nick Schnell,678010,SD,Unknown (703615),703615.0
2026-07-08,Carlos Rodríguez,677578,SD,Unknown (703615),703615.0
2026-07-08,Francisco Acuna,672696,SD,Unknown (703615),703615.0
2026-07-08,Anthony Vilar,681036,SD,Unknown (703615),703615.0
2026-07-08,Romeo Sanabria,703804,SD,Unknown (703615),703615.0
2026-07-08,Pablo Reyes,622569,SD,Unknown (703615),703615.0
2026-07-08,Marcos Castañon,676203,SD,Unknown (703615),703615.0
2026-07-08,Ryan Wideman,834240,SD,Unknown (703615),703615.0
2026-07-08,Qrey Lott,812540,SD,Unknown (703615),703615.0
2026-07-08,Clay Dungan,687867,SD,Unknown (703615),703615.0
2026-07-08,Alex Verdugo,657077,SD,Unknown (703615),703615.0
2026-07-08,Kai Murphy,687625,SD,Unknown (703615),703615.0
2026-07-08,Joshua Mears,687084,SD,Unknown (703615),703615.0
2026-07-08,Kai Roberts,805956,SD,Unknown (703615),703615.0
2026-07-08,Lamar King Jr.,702601,SD,Unknown (703615),703615.0
2026-07-08,Nate Mondou,670148,SD,Unknown (703615),703615.0
2026-07-08,Kasen Wells,703673,SD,Unknown (703615),703615.0
2026-07-08,Kale Fountain,806495,SD,Unknown (703615),703615.0
2026-07-08,Ethan Salas,806956,SD,Unknown (703615),703615.0
2026-07-08,Rosman Verdugo,698916,SD,Unknown (703615),703615.0
2026-07-08,Albert Fabian,683546,SD,Unknown (703615),703615.0
2026-07-08,Jason Heyward,518792,SD,Unknown (703615),703615.0
2026-07-08,Martín Maldonado,455117,SD,Unknown (703615),703615.0
2026-07-08,Yuli Gurriel,493329,SD,Unknown (703615),703615.0
2026-07-08,Oscar Gonzalez,660757,SD,Unknown (703615),703615.0
