player_id,name,team,sprint_speed,hp_to_1b,bolts,competitive_runs
687605,Andrew Pinckney,WSH,31.0,nan,8.0,5
695508,Cam Cauley,TEX,30.5,4.09,16.0,24
703607,Henry Bolte,ATH,30.5,4.18,118.0,199
699115,Carlos Jorge,CIN,30.4,nan,12.0,16
642201,Eli White,BOS,30.3,4.19,54.0,108
622761,Jorge Mateo,TB,30.2,4.14,36.0,74
694371,Tommy Troy,AZ,30.1,4.16,30.0,55
677951,Bobby Witt Jr.,KC,30.1,4.17,94.0,242
642350,Jose Siri,LAA,30.0,4.24,31.0,83
813841,Jonah Cox,SF,30.0,4.18,30.0,50
664983,Jake McCarthy,COL,30.0,4.17,109.0,265
607208,Trea Turner,PHI,29.9,4.24,97.0,233
804606,Konnor Griffin,PIT,29.9,4.27,55.0,139
665923,Esteury Ruiz,MIA,29.9,4.3,29.0,72
682668,Luisangel Acuña,CWS,29.8,4.22,43.0,106
669003,Garrett Mitchell,MIL,29.8,4.07,68.0,211
687363,Victor Scott II,STL,29.7,4.16,31.0,75
703492,Nick Morabito,NYM,29.7,nan,5.0,13
664702,Myles Straw,TOR,29.7,4.14,39.0,122
682998,Corbin Carroll,AZ,29.7,4.12,62.0,224
621439,Byron Buxton,MIN,29.7,4.15,36.0,112
683083,Nasim Nuñez,WSH,29.7,4.17,69.0,189
680737,Michael Helman,TEX,29.7,nan,3.0,8
702222,Justin Crawford,PHI,29.6,4.16,78.0,215
694362,Blake Dunn,CIN,29.6,4.21,27.0,58
687749,Jase Bowen,SD,29.6,4.32,10.0,34
663968,Jake Mangum,PIT,29.6,4.04,66.0,218
691718,Pete Crow-Armstrong,CHC,29.5,4.26,43.0,198
699912,Jose Fernandez,AZ,29.5,4.36,9.0,76
656537,Derek Hill,PHI,29.5,4.29,17.0,64
681987,Nate Eaton,BOS,29.5,nan,7.0,18
687529,Grant McCray,SF,29.5,4.2,12.0,33
666152,David Hamilton,MIL,29.4,4.05,63.0,129
802415,Chandler Simpson,TB,29.4,3.96,122.0,342
805999,A.J. Ewing,NYM,29.4,4.16,52.0,159
695734,Daylen Lile,WSH,29.4,4.21,36.0,208
695257,Billy Cook,PIT,29.3,nan,5.0,25
665161,Jeremy Peña,HOU,29.3,4.33,33.0,179
670224,Kameron Misner,KC,29.3,nan,nan,8
806146,George Lombard Jr.,NYY,29.3,4.23,12.0,70
669326,Bryce Teodosio,LAA,29.3,4.24,4.0,28
686611,Dylan Crews,WSH,29.3,4.29,8.0,161
686475,Tyler Tolbert,KC,29.3,4.28,6.0,62
695491,Joshua Báez,STL,29.2,4.36,7.0,34
669392,Samad Taylor,SD,29.2,4.23,6.0,60
676356,Jonny DeLuca,TB,29.2,4.29,38.0,153
701358,Cam Smith,HOU,29.2,4.38,30.0,198
686668,Brenton Doyle,CWS,29.2,4.33,12.0,78
621438,Tyrone Taylor,CHC,29.2,4.45,6.0,96
663604,Brandon Lockridge,MIL,29.2,4.31,8.0,52
676551,Brewer Hicklen,ATL,29.2,nan,3.0,24
696285,Jacob Young,WSH,29.1,4.3,27.0,181
691023,Jordan Walker,STL,29.1,4.35,31.0,225
657041,Lane Thomas,ATL,29.1,4.38,16.0,126
682622,Noelvi Marte,CIN,29.1,4.36,6.0,81
687401,Joey Ortiz,MIL,29.1,4.29,18.0,165
807713,Matt Shaw,CHC,29.1,4.31,4.0,69
814439,Ryan Waldschmidt,AZ,29.1,4.29,4.0,97
680776,Jarren Duran,BOS,29.1,4.24,14.0,188
687637,Dylan Beavers,BAL,29.1,4.22,5.0,104
691907,Tsung-Che Cheng,BOS,29.0,nan,1.0,14
701538,Jackson Merrill,SD,29.0,4.23,21.0,213
678882,Ceddanne Rafaela,BOS,29.0,4.13,31.0,244
683766,Christian Koss,SF,29.0,4.32,3.0,91
665750,Leody Taveras,BAL,28.9,4.24,38.0,160
701162,Ben Malgeri,DET,28.9,4.3,3.0,56
665487,Fernando Tatis Jr.,SD,28.9,4.31,34.0,260
694497,Evan Carter,TEX,28.9,4.15,44.0,137
687957,Dustin Harris,SD,28.9,4.17,nan,67
673357,Luis Robert Jr.,BAL,28.9,4.34,6.0,75
677649,Ezequiel Duran,TEX,28.9,4.28,15.0,220
801501,Nate Furman,SF,28.9,nan,2.0,14
806198,Cooper Pratt,MIL,28.9,4.42,4.0,104
807727,Charles McAdoo,TOR,28.9,4.41,nan,41
686894,Joey Wiemer,WSH,28.9,4.27,1.0,31
702616,Jackson Holliday,BAL,28.9,4.24,7.0,117
682987,Spencer Jones,NYY,28.9,4.27,8.0,70
670231,John Rave,KC,28.8,4.23,10.0,58
685133,Wade Meckler,LAA,28.8,4.12,32.0,146
693304,Nick Gonzales,PIT,28.8,4.32,12.0,255
694192,Jackson Chourio,MIL,28.8,4.23,43.0,184
695490,Edwin Arroyo,CIN,28.8,4.27,1.0,43
805346,Ben Ross,MIN,28.8,nan,nan,7
680869,Zack Gelof,ATH,28.8,4.34,12.0,152
666181,Will Benson,CIN,28.8,nan,6.0,24
677956,Rece Hinds,BAL,28.8,nan,nan,22
808975,Hyeseong Kim,LAD,28.8,4.09,nan,52
807712,Luke Keaschall,MIN,28.8,4.25,1.0,231
691176,Jasson Domínguez,NYY,28.8,4.27,13.0,71
703520,Brett Bateman,TOR,28.8,4.12,4.0,83
691002,Yohandy Morales,WSH,28.7,nan,nan,17
677594,Julio Rodríguez,SEA,28.7,4.35,28.0,215
691858,Jared Serna,MIA,28.7,nan,nan,11
686217,Sal Frelick,MIL,28.7,4.25,19.0,177
680574,Matt McLain,CIN,28.7,4.3,nan,120
663368,Blake Perkins,MIL,28.7,4.29,3.0,51
682927,Ronny Simon,PIT,28.7,4.26,2.0,27
624641,Edmundo Sosa,PHI,28.7,4.41,12.0,91
694249,Cole Carrigg,COL,28.7,4.24,7.0,128
691783,Jordan Lawlar,AZ,28.7,4.4,8.0,34
672016,Denzel Clarke,ATH,28.7,4.33,4.0,37
545361,Mike Trout,LAA,28.6,4.42,7.0,172
671976,Tristan Peters,CWS,28.6,4.27,7.0,189
694728,Brice Matthews,HOU,28.6,4.36,1.0,67
691594,Javier Sanoja,MIA,28.6,4.25,27.0,232
670042,Luke Raley,SEA,28.6,4.31,nan,78
703601,Max Clark,DET,28.6,4.23,2.0,72
672724,Oswald Peraza,LAA,28.6,4.39,nan,122
701807,Carson Benge,NYM,28.6,4.27,12.0,219
801126,Brock Rodden,SEA,28.6,nan,nan,21
678246,Miguel Vargas,CWS,28.6,4.37,4.0,187
690924,Braxton Fulford,COL,28.6,nan,1.0,21
642708,Amed Rosario,NYY,28.6,4.4,2.0,78
672640,Otto Lopez,MIA,28.5,4.22,5.0,331
690984,Petey Halpin,CLE,28.5,4.33,1.0,58
701675,Nathan Church,STL,28.5,4.24,nan,189
668930,Brice Turang,MIL,28.5,4.29,4.0,260
668723,Ryan Vilade,TB,28.5,4.47,nan,90
663330,Jahmai Jones,BOS,28.5,4.36,nan,48
691026,Masyn Winn,STL,28.5,4.34,4.0,180
668715,Spencer Steer,CIN,28.5,4.44,1.0,121
665833,Oneil Cruz,PIT,28.5,4.31,12.0,144
669398,Gage Workman,SD,28.5,nan,nan,13
696030,Alejandro Osuna,TEX,28.5,4.2,nan,96
640492,José Azócar,ATL,28.4,nan,2.0,8
678489,Jorge Barrosa,HOU,28.4,4.19,3.0,51
828599,Lucas Spence,HOU,28.4,4.26,nan,21
686554,Oliver Dunn,TB,28.4,nan,1.0,6
682928,CJ Abrams,WSH,28.4,4.29,12.0,188
800325,Luis Lara,MIL,28.4,4.26,5.0,87
695731,Braden Montgomery,CWS,28.4,4.35,nan,166
645302,Victor Robles,SEA,28.4,4.36,9.0,52
669127,Shea Langeliers,ATH,28.4,4.52,nan,143
682829,Elly De La Cruz,CIN,28.4,4.33,17.0,197
806367,Turner Hill,SF,28.4,4.23,nan,46
691728,Zac Veen,COL,28.4,nan,1.0,23
699393,Pedro Ramírez,CHC,28.4,4.25,4.0,103
677942,Blaze Alexander,BAL,28.4,4.4,4.0,102
669707,Jared Triolo,PIT,28.3,4.42,nan,152
694388,Joey Loperfido,HOU,28.3,4.28,1.0,42
691277,Deyvison De Los Santos,MIA,28.3,nan,nan,18
663538,Nico Hoerner,CHC,28.3,4.36,nan,297
683679,Jesus Rodriguez,SF,28.3,4.43,nan,26
683011,Anthony Volpe,NYY,28.3,4.35,nan,88
606192,Teoscar Hernández,LAD,28.3,4.39,1.0,155
694025,Felix Reyes,PHI,28.3,nan,nan,12
694197,Angel Genao,CLE,28.3,4.34,nan,78
669364,Xavier Edwards,MIA,28.3,4.22,8.0,229
681082,Bryson Stott,PHI,28.3,4.26,5.0,219
663837,Matt Vierling,DET,28.3,4.5,1.0,93
681624,Andy Pages,LAD,28.3,4.37,nan,185
683953,Travis Bazzana,CLE,28.3,4.2,7.0,173
683357,Owen Caissie,MIA,28.3,4.3,nan,90
543760,Marcus Semien,NYM,28.3,4.42,nan,169
666176,Jo Adell,CLE,28.3,4.53,nan,220
665862,Jazz Chisholm Jr.,NYY,28.3,4.22,7.0,125
621020,Dansby Swanson,CHC,28.3,4.34,1.0,178
606992,Eric Haase,SF,28.3,4.48,nan,21
641584,Jake Fraley,TB,28.3,4.27,1.0,30
686823,Will Brennan,SF,28.3,nan,nan,6
678009,Parker Meadows,DET,28.3,nan,nan,16
815589,Bo Davidson,SF,28.3,nan,nan,12
681715,Heriberto Hernández,MIA,28.3,4.39,nan,148
696135,Kahlil Watson,CLE,28.3,4.3,nan,27
672761,Wenceel Pérez,DET,28.2,4.28,nan,69
695681,Christian Moore,LAA,28.2,4.49,nan,43
669369,Bryce Johnson,SD,28.2,nan,1.0,20
814430,Brett Callahan,DET,28.2,nan,nan,22
695336,Thomas Saggese,STL,28.2,4.3,nan,64
805808,Kevin McGonigle,DET,28.2,4.35,4.0,242
669699,Braden Shewmake,MIL,28.2,4.43,nan,32
687515,Colby Thomas,ATH,28.2,4.33,nan,34
703197,Michael Arroyo,SEA,28.2,nan,nan,14
683002,Gunnar Henderson,BAL,28.2,4.25,2.0,229
664059,Sam Haggerty,TEX,28.2,nan,1.0,16
699302,Héctor Rodríguez,CIN,28.2,4.21,nan,70
682729,Jonatan Clase,TOR,28.2,nan,nan,8
803011,Sam Antonacci,CWS,28.2,4.33,nan,243
691781,Brady House,WSH,28.2,4.41,nan,132
805249,Otto Kemp,PHI,28.2,nan,nan,6
694671,Wyatt Langford,TEX,28.2,4.36,2.0,149
668804,Bryan Reynolds,PIT,28.2,4.4,nan,234
650489,Willi Castro,COL,28.1,4.27,1.0,151
666160,Mickey Moniak,COL,28.1,4.37,1.0,115
701678,Hao-Yu Lee,DET,28.1,4.42,nan,140
690022,Ryan Ritter,COL,28.1,nan,nan,9
690993,Colt Keith,DET,28.1,4.33,1.0,146
680779,Henry Davis,PIT,28.1,4.49,nan,91
676391,Ernie Clement,TOR,28.1,4.33,4.0,260
592663,J.T. Realmuto,PHI,28.1,4.44,nan,165
671083,Buddy Kennedy,SF,28.1,nan,nan,8
810938,Ben Williamson,TB,28.1,4.5,nan,130
675659,Greg Jones,MIL,28.1,nan,5.0,5
664954,Brett Sullivan,COL,28.1,4.36,nan,76
656305,Matt Chapman,SF,28.1,4.44,nan,133
699013,Esmerlyn Valdez,PIT,28.1,4.56,nan,69
669016,Brandon Marsh,PHI,28.1,4.4,nan,179
666139,Josh Lowe,LAA,28.1,4.32,2.0,79
681297,Colton Cowser,BAL,28.1,4.23,nan,101
677800,Wilyer Abreu,BOS,28.0,4.28,4.0,200
678662,Ezequiel Tovar,COL,28.0,4.38,nan,152
665019,Kody Clemens,MIN,28.0,4.31,2.0,174
676609,José Caballero,NYY,28.0,4.29,nan,146
630105,Jake Cronenworth,SD,28.0,4.33,1.0,147
672012,Tyler Black,MIL,28.0,nan,nan,14
679845,Nick Loftin,KC,28.0,4.53,nan,174
675961,Alika Williams,ATH,28.0,4.4,nan,100
807747,Rikuu Nishida,CWS,28.0,nan,2.0,13
641933,Tyler O'Neill,BAL,28.0,4.49,nan,68
681393,Connor Norby,COL,28.0,4.53,nan,127
669242,Tommy Edman,LAD,28.0,4.32,1.0,121
607043,Brandon Nimmo,TEX,28.0,4.24,8.0,240
669477,Casey Schmitt,SF,28.0,4.53,nan,114
687597,Jordan Beck,COL,28.0,4.42,nan,49
677870,Leo Jiménez,MIA,28.0,4.48,nan,72
681546,James Outman,DET,28.0,4.28,1.0,55
814154,Scott Bandura,SF,28.0,nan,nan,7
691181,Emmanuel Rodriguez,MIN,28.0,nan,nan,15
805904,Zach Cole,HOU,28.0,nan,1.0,15
682997,Tyler Callihan,PIT,28.0,nan,nan,28
664023,Ian Happ,CHC,28.0,4.36,nan,207
657656,Ramón Laureano,SD,28.0,4.3,nan,59
667472,Dane Myers,CIN,28.0,4.43,nan,110
608070,José Ramírez,CLE,27.9,4.35,nan,179
596103,Austin Slater,TB,27.9,4.43,nan,26
683748,Victor Mesa Jr.,TB,27.9,4.29,nan,82
805300,Jakob Marsee,MIA,27.9,4.38,nan,165
805347,Jim Jarvis,ATL,27.9,4.33,nan,64
673548,Seiya Suzuki,CHC,27.9,4.41,nan,198
676694,Jake Meyers,HOU,27.9,4.49,nan,58
656775,Cedric Mullins,TB,27.9,4.33,5.0,118
669701,Josh Smith,TOR,27.9,4.38,nan,73
656716,Zach McKinstry,DET,27.9,4.31,nan,156
702332,Caleb Durbin,BOS,27.9,4.4,nan,245
663586,Austin Riley,ATL,27.9,4.54,nan,177
687263,Zach Neto,LAA,27.9,4.39,nan,170
670764,Taylor Walls,TB,27.9,4.38,nan,140
678577,Junior Perez,CWS,27.9,nan,1.0,8
691723,Coby Mayo,BAL,27.9,4.46,nan,132
701305,Zach Dezenzo,HOU,27.9,4.51,nan,35
681047,Christian Franklin,BAL,27.8,4.5,nan,27
677588,José Tena,WSH,27.8,4.24,2.0,108
650559,Bryan De La Cruz,PHI,27.8,4.52,nan,38
677008,Heston Kjerstad,BAL,27.8,nan,nan,7
702284,Cole Young,SEA,27.8,4.32,nan,231
668952,Ryan Kreidler,MIN,27.8,4.44,nan,113
668885,Austin Martin,MIN,27.8,4.49,nan,143
701785,Kaelen Culpepper,MIN,27.8,4.41,nan,46
669743,Alex Call,LAD,27.8,4.36,nan,83
700246,Carson Williams,TB,27.8,nan,nan,10
695600,Carter Jensen,KC,27.8,4.37,nan,163
642215,Weston Wilson,SEA,27.8,4.56,nan,52
687231,Darell Hernaiz,ATH,27.8,4.34,nan,47
811965,Joshua Kuroda-Grauer,ATH,27.8,4.45,nan,40
683090,Matthew Lugo,KC,27.8,nan,nan,5
642715,Willy Adames,SF,27.8,4.43,nan,132
677950,Alek Thomas,LAD,27.8,4.28,nan,47
682634,Kevin Alcántara,CHC,27.8,nan,nan,7
691373,Jhostynxon Garcia,PIT,27.7,4.37,nan,19
656577,Alex Jackson,MIN,27.7,4.51,nan,27
694377,Nick Yorke,PIT,27.7,4.49,nan,44
596115,Trevor Story,BOS,27.7,4.44,nan,94
673490,Ha-Seong Kim,ATL,27.7,4.44,nan,43
666624,Christopher Morel,NYM,27.7,4.49,nan,35
663697,Jonathan India,KC,27.7,nan,nan,14
680474,Max Schuemann,NYY,27.7,nan,nan,37
805805,Walker Jenkins,MIN,27.7,4.4,nan,35
665926,Andrés Giménez,TOR,27.7,4.3,1.0,170
671289,Tyler Freeman,COL,27.7,4.5,nan,112
457705,Andrew McCutchen,TEX,27.7,4.51,nan,20
671739,Michael Harris II,ATL,27.7,4.28,4.0,252
660271,Shohei Ohtani,LAD,27.7,4.24,nan,184
668904,Royce Lewis,MIN,27.7,4.36,nan,144
691777,Max Muncy,ATH,27.7,4.46,nan,77
802139,JJ Wetherholt,STL,27.6,4.25,nan,218
686555,Isaac Collins,KC,27.6,4.42,1.0,171
694203,Denzer Guzman,LAA,27.6,4.49,nan,109
657136,Connor Wong,BOS,27.6,4.47,nan,94
672580,Maikel Garcia,KC,27.6,4.5,nan,145
676369,Nelson Velázquez,HOU,27.6,4.47,nan,34
807726,John Peck,DET,27.6,4.52,nan,25
694514,Sterlin Thompson,COL,27.6,4.43,nan,30
682177,Daniel Schneemann,CLE,27.6,4.42,nan,87
682657,Angel Martínez,CLE,27.6,4.41,nan,158
694374,Tim Tawa,AZ,27.6,4.48,nan,108
679822,Justin Foscue,TEX,27.6,4.46,nan,70
670032,Nicky Lopez,TEX,27.6,4.22,nan,122
514888,Jose Altuve,HOU,27.6,4.35,19.0,220
667670,Brent Rooker,ATH,27.6,4.57,nan,47
686765,Nick Sogard,BOS,27.6,4.42,nan,91
686452,Drew Millas,WSH,27.6,4.41,nan,57
701350,Roman Anthony,BOS,27.6,4.41,nan,94
677592,Everson Pereira,STL,27.6,4.41,nan,37
660844,Leo Rivas,SEA,27.5,nan,nan,42
678545,Osleivis Basabe,SF,27.5,4.44,nan,50
687551,Drew Gilbert,SF,27.5,4.35,nan,140
643396,Isiah Kiner-Falefa,BOS,27.5,4.42,nan,77
676724,Jared Young,NYM,27.5,4.37,nan,148
670156,Miles Mastrobuoni,SEA,27.5,nan,nan,9
656413,Stuart Fairchild,CLE,27.5,nan,1.0,5
621493,Taylor Ward,SEA,27.5,4.5,nan,184
808982,Jung Hoo Lee,SF,27.5,4.3,nan,261
664056,Harrison Bader,SF,27.5,4.44,nan,38
663457,Lars Nootbaar,AZ,27.5,4.33,nan,116
660710,Rodolfo Durán,SD,27.5,4.47,nan,35
668709,JJ Bleday,CIN,27.5,4.42,nan,131
692216,CJ Kayfus,CLE,27.4,nan,nan,9
666211,Taylor Trammell,HOU,27.4,4.28,nan,85
666310,Bo Naylor,MIL,27.4,4.42,nan,26
666023,Freddy Fermin,SD,27.4,4.56,nan,79
662139,Daulton Varsho,HOU,27.4,4.29,nan,172
596117,Garrett Stubbs,PHI,27.4,4.32,nan,22
592885,Christian Yelich,MIL,27.4,4.46,2.0,183
680757,Steven Kwan,CLE,27.4,4.29,1.0,270
805367,Chase Meidroth,CWS,27.4,4.41,nan,254
677587,Brayan Rocchio,CLE,27.4,4.5,nan,217
687221,Dalton Rushing,LAD,27.4,4.43,nan,67
682877,Juan Brito,CIN,27.4,4.48,nan,46
669394,Jake Burger,TEX,27.3,4.46,nan,195
691785,Marcelo Mayer,SF,27.3,4.45,nan,96
575929,Willson Contreras,BOS,27.3,4.61,nan,151
628451,Andy Ibáñez,NYM,27.3,nan,nan,9
545341,Randal Grichuk,CWS,27.3,4.57,nan,102
609280,Miguel Andujar,SD,27.3,4.46,nan,124
687282,Gabriel Rincones Jr.,PHI,27.3,4.45,nan,28
693307,Dillon Dingler,DET,27.3,4.52,nan,202
694376,Shay Whitcomb,SF,27.3,4.54,nan,36
641355,Cody Bellinger,NYY,27.3,4.24,nan,171
664728,Kyle Isbel,KC,27.3,4.44,nan,113
696100,Hunter Goodman,COL,27.3,4.56,1.0,139
670097,Zack Short,NYM,27.2,nan,nan,10
681351,Logan O'Hoppe,TEX,27.2,4.53,nan,86
682818,Yohendrick Piñango,TOR,27.2,4.49,nan,63
671218,Heliot Ramos,NYY,27.2,4.5,nan,161
663494,Bryan Torres,STL,27.2,4.37,nan,61
592206,Nick Castellanos,SD,27.2,4.46,nan,31
596146,Max Kepler,AZ,27.2,4.39,nan,41
655316,Andruw Monasterio,BOS,27.2,4.49,nan,109
682663,Agustín Ramírez,MIA,27.2,4.7,nan,97
547180,Bryce Harper,PHI,27.2,4.47,nan,216
695670,Harry Ford,WSH,27.2,4.57,nan,51
677060,Chad Stevens,COL,27.2,nan,nan,7
823550,Sung-Mun Song,SD,27.2,4.31,nan,62
669384,Raynel Delgado,HOU,27.2,4.42,nan,18
669004,MJ Melendez,NYM,27.2,nan,nan,29
621043,Carlos Correa,HOU,27.2,4.61,nan,58
663662,Daz Cameron,TOR,27.2,nan,nan,9
571970,Max Muncy,LAD,27.2,4.42,nan,156
660670,Ronald Acuña Jr.,ATL,27.2,4.47,1.0,126
669236,Jeremiah Jackson,BAL,27.2,4.66,nan,106
695578,James Wood,WSH,27.1,4.28,4.0,178
596019,Francisco Lindor,NYM,27.1,4.45,1.0,140
669257,Will Smith,LAD,27.1,4.58,nan,73
650859,Luis Rengifo,SD,27.1,4.36,nan,161
682674,Victor Bericoto,SF,27.1,4.66,nan,46
669720,Austin Hays,SD,27.1,4.49,nan,41
665877,José Fermín,STL,27.1,4.49,nan,142
678391,Jorbit Vivas,WSH,27.1,4.48,nan,155
702176,Alan Roden,MIN,27.1,4.48,nan,35
665828,Oswaldo Cabrera,CIN,27.1,nan,nan,12
668227,Randy Arozarena,SEA,27.1,4.41,nan,231
645277,Ozzie Albies,ATL,27.1,4.28,nan,228
800543,Josue De Paula,LAD,27.1,nan,nan,17
691016,Tyler Soderstrom,ATH,27.1,4.42,nan,170
621550,Patrick Wisdom,SEA,27.1,nan,nan,6
545121,Ildemaro Vargas,AZ,27.1,4.44,1.0,191
672284,Jarred Kelenic,TEX,27.1,4.37,nan,21
595879,Javier Báez,DET,27.0,4.52,nan,89
806068,Colt Emerson,SEA,27.0,4.37,nan,73
593428,Xander Bogaerts,SD,27.0,4.48,nan,238
695506,Jac Caglianone,KC,27.0,4.43,nan,221
656582,Connor Joe,SEA,27.0,nan,nan,12
806956,Ethan Salas,SD,27.0,nan,nan,17
573262,Mike Yastrzemski,ATL,27.0,4.41,nan,125
664040,Brandon Lowe,PIT,27.0,4.38,nan,187
683227,Cody Freeman,TEX,27.0,4.54,nan,34
663886,Tyler Stephenson,CIN,27.0,4.59,nan,113
608701,Rob Refsnyder,SEA,27.0,4.55,nan,32
805779,Jacob Wilson,ATH,27.0,4.49,1.0,150
815873,Sean Keys,TOR,27.0,nan,nan,17
664770,Nathan Lukes,TOR,27.0,4.41,nan,205
678554,Curtis Mead,BOS,27.0,4.67,nan,111
682848,Endy Rodríguez,PIT,27.0,nan,nan,43
672695,Geraldo Perdomo,AZ,27.0,4.5,nan,247
691720,Kyle Karros,COL,27.0,4.62,nan,169
699625,Jimmy Crooks,STL,26.9,4.48,nan,32
695020,Tanner Murray,CWS,26.9,nan,nan,11
690976,Alex Freeland,LAD,26.9,4.5,nan,91
663647,Ke'Bryan Hayes,CIN,26.9,4.6,nan,61
691019,Kyle Teel,CWS,26.9,4.5,nan,41
691740,Daniel Susac,SF,26.9,4.59,nan,48
663743,Nick Fortes,TB,26.9,4.51,nan,144
669397,Nick Allen,HOU,26.9,4.49,nan,74
687093,Vaughn Grissom,LAA,26.9,4.59,nan,179
676914,Davis Schneider,TOR,26.9,4.59,nan,32
676439,Hunter Feduccia,LAD,26.9,4.56,nan,76
543807,George Springer,TOR,26.9,4.61,nan,178
681481,Kerry Carpenter,DET,26.9,4.44,nan,55
663853,Romy Gonzalez,BOS,26.9,4.49,nan,30
663611,Nick Madrigal,TB,26.9,4.36,nan,33
695391,Brett Harris,SF,26.9,nan,nan,17
641343,Jake Bauers,MIL,26.9,4.49,nan,180
683146,Brett Baty,NYM,26.8,4.44,nan,164
700250,Ben Rice,NYY,26.8,4.56,nan,192
663757,Trent Grisham,NYY,26.8,4.51,nan,149
643289,Mauricio Dubón,ATL,26.8,4.44,nan,232
694410,LuJames Groover,AZ,26.8,4.63,nan,20
808959,Munetaka Murakami,CWS,26.8,4.4,nan,120
650333,Luis Arraez,PHI,26.8,4.55,nan,255
606466,Ketel Marte,AZ,26.8,4.48,1.0,215
691182,Adael Amador,COL,26.8,4.52,nan,43
682641,Luis Matos,MIL,26.8,nan,nan,6
665052,Griffin Conine,MIA,26.8,4.45,nan,88
672356,Gabriel Arias,CHC,26.8,4.63,nan,43
687952,Christian Encarnacion-Strand,BAL,26.8,4.61,nan,61
602104,Ramón Urías,STL,26.8,4.66,nan,32
643376,Danny Jansen,TEX,26.7,4.63,nan,57
681508,Mickey Gasper,BOS,26.7,4.45,nan,82
686681,Michael Massey,KC,26.7,4.49,nan,159
670770,TJ Friedl,CIN,26.7,4.45,nan,74
669899,Ryan Ward,LAD,26.7,nan,nan,19
672820,Lenyn Sosa,TOR,26.7,4.72,nan,40
592450,Aaron Judge,NYY,26.7,4.84,nan,79
656811,Ryan O'Hearn,PIT,26.7,4.58,nan,151
605141,Mookie Betts,LAD,26.7,4.58,nan,158
663616,Trevor Larnach,MIN,26.7,4.61,nan,151
671732,Lawrence Butler,ATH,26.7,4.46,nan,194
666397,Edouard Julien,COL,26.7,4.55,nan,98
691406,Junior Caminero,TB,26.7,4.55,1.0,246
695720,Tommy White,ATH,26.7,4.65,nan,80
666464,Jerar Encarnacion,SF,26.7,nan,nan,14
663698,Joey Bart,CWS,26.6,4.69,nan,41
701762,Nick Kurtz,ATH,26.6,4.47,nan,102
800050,Chase DeLauter,CLE,26.6,4.52,nan,216
571771,Enrique Hernández,LAD,26.6,4.54,nan,32
641820,Trey Mancini,LAA,26.6,nan,nan,9
693409,César Prieto,STL,26.6,4.51,nan,18
668939,Adley Rutschman,BOS,26.6,4.42,nan,140
695657,Colson Montgomery,CWS,26.6,4.65,nan,134
663656,Kyle Tucker,LAD,26.6,4.53,nan,180
620443,Luis Torrens,NYM,26.6,4.65,nan,117
676572,Eric Wagaman,NYM,26.6,4.65,1.0,16
701398,Sal Stewart,CIN,26.6,4.68,nan,211
657757,Gavin Sheets,SD,26.6,4.51,nan,140
680700,Richie Palacios,TB,26.6,4.44,nan,141
682985,Riley Greene,DET,26.6,4.73,nan,179
643217,Andrew Benintendi,CWS,26.5,4.47,nan,142
694378,Jacob Gonzalez,PIT,26.5,4.55,nan,72
666969,Adolis García,PHI,26.5,4.5,nan,68
700652,Kenny Piper,TB,26.5,nan,nan,6
679529,Spencer Torkelson,DET,26.5,4.73,nan,140
664761,Alec Bohm,PHI,26.5,4.69,nan,261
669289,Santiago Espinal,LAD,26.4,4.44,nan,23
688363,Graham Pauley,MIA,26.4,4.6,nan,56
804668,Rafael Flores Jr.,PIT,26.4,4.65,nan,43
669911,Michael Toglia,CIN,26.4,nan,nan,6
672960,Kazuma Okamoto,TOR,26.4,4.49,nan,177
686527,Dominic Canzone,SEA,26.4,4.5,nan,173
660162,Yoán Moncada,LAA,26.4,4.39,nan,27
701852,Drew Cavanaugh,SF,26.4,4.52,nan,43
622268,Donovan Walton,ATH,26.4,4.47,nan,102
691011,Drew Romo,CWS,26.4,4.52,nan,63
668670,Jake Rogers,CWS,26.4,4.71,nan,44
665489,Vladimir Guerrero Jr.,TOR,26.4,4.57,nan,240
502054,Tommy Pham,CWS,26.4,nan,nan,6
660821,Jesús Sánchez,AZ,26.4,4.57,nan,101
681807,David Fry,CLE,26.4,4.78,nan,63
671277,Luis García Jr.,NYY,26.4,4.39,nan,210
686797,Brooks Lee,MIN,26.3,4.46,nan,222
600869,Jeimer Candelario,LAA,26.3,nan,nan,7
682988,Tyler Locklear,AZ,26.3,4.67,nan,19
680777,Ryan Jeffers,MIN,26.3,4.66,nan,127
669065,Kyle Stowers,MIA,26.3,4.56,nan,133
643446,Jeff McNeil,ATH,26.3,4.35,nan,180
703155,Lazaro Montes,SEA,26.3,nan,nan,12
680728,Adrian Del Castillo,AZ,26.3,4.55,nan,48
665561,Rafael Marchán,PHI,26.2,nan,nan,26
608324,Alex Bregman,CHC,26.2,4.66,nan,221
687859,Troy Johnston,COL,26.2,4.51,nan,157
656484,Tristan Gray,MIN,26.2,4.61,nan,50
553993,Eugenio Suárez,CIN,26.2,4.75,nan,107
641555,J.C. Escarra,NYY,26.2,4.57,nan,41
672515,Gabriel Moreno,AZ,26.2,4.49,nan,209
641487,J.P. Crawford,SEA,26.2,4.59,nan,147
668942,Josh Rojas,KC,26.2,4.42,1.0,39
663624,Ryan Mountcastle,BAL,26.2,nan,nan,7
699024,Leo Bernal,STL,26.2,nan,nan,27
671056,Iván Herrera,STL,26.1,4.71,nan,252
680718,Addison Barger,TOR,26.1,nan,nan,7
807799,Masataka Yoshida,BOS,26.1,4.42,nan,126
624428,Adam Frazier,LAA,26.1,4.63,nan,54
701649,James Triantos,CHC,26.1,nan,nan,6
695238,Will Wagner,SD,26.1,4.61,nan,21
640459,Brian Navarreto,MIA,26.1,nan,nan,18
666971,Lourdes Gurriel Jr.,AZ,26.1,4.63,nan,66
666126,Carlos Cortes,ATH,26.1,4.59,nan,142
646240,Rafael Devers,SF,26.1,4.6,nan,194
666182,Bo Bichette,NYM,26.1,4.68,nan,249
500743,Miguel Rojas,LAD,26.1,4.58,nan,103
642086,Dominic Smith,ATL,26.1,4.53,nan,100
694224,Gabriel Gonzalez,MIN,26.1,nan,nan,6
691788,Joe Mack,MIA,26.1,4.58,nan,113
672613,Eliezer Alfonzo,LAD,26.1,nan,nan,12
593871,Jorge Polanco,NYM,26.1,4.36,nan,42
666163,Ben Rortvedt,LAD,26.0,nan,nan,7
805811,Bryce Eldridge,SF,26.0,4.52,nan,120
605137,Josh Bell,MIN,26.0,4.69,nan,200
661531,Brian Serven,ATH,26.0,4.66,nan,25
686948,Drake Baldwin,ATL,26.0,4.45,nan,208
650391,Eloy Jiménez,TOR,26.0,nan,nan,12
623168,Tyler Heineman,LAA,26.0,4.55,nan,75
650490,Yandy Díaz,TB,26.0,4.66,nan,283
670242,Matt Wallner,MIN,26.0,4.43,nan,35
683737,Michael Busch,CHC,26.0,4.65,nan,214
661388,William Contreras,MIL,26.0,4.61,nan,213
624585,Jorge Soler,LAA,26.0,4.81,nan,93
673237,Yainer Diaz,HOU,26.0,4.49,nan,167
649966,Luis Urías,TOR,25.9,4.62,nan,20
572233,Christian Walker,HOU,25.9,4.69,nan,217
677595,Ronny Mauricio,NYM,25.9,4.54,nan,19
624424,Michael Conforto,CHC,25.9,4.62,nan,97
663728,Cal Raleigh,SEA,25.9,4.7,nan,88
605244,Aramis Garcia,AZ,25.9,nan,nan,5
669224,Austin Wells,NYY,25.9,4.66,nan,90
641857,Ryan McMahon,NYY,25.9,4.61,nan,89
608348,Carson Kelly,CHC,25.9,4.83,nan,148
668901,Mark Vientos,NYM,25.8,4.77,nan,96
691458,Blaze Jordan,STL,25.8,4.7,nan,88
686469,Vinnie Pasquantino,KC,25.8,4.74,nan,132
683734,Andrew Vaughn,MIL,25.8,4.76,nan,121
673962,Josh Jung,TEX,25.7,4.73,nan,180
680977,Brendan Donovan,SEA,25.7,4.54,nan,65
694384,Nolan Schanuel,LAA,25.7,4.59,nan,168
666018,Jonathan Aranda,TB,25.7,4.55,nan,178
664774,LaMonte Wade Jr.,HOU,25.7,4.63,nan,46
689414,Liam Hicks,TB,25.7,4.65,nan,202
660644,Vidal Bruján,NYM,25.7,nan,nan,6
669221,Sean Murphy,ATL,25.6,4.81,nan,42
665742,Juan Soto,NYM,25.6,4.53,nan,139
676475,Alec Burleson,STL,25.6,4.49,nan,219
683021,Michael Stefanic,ATH,25.6,nan,nan,11
678011,Anthony Seigler,BOS,25.6,4.66,nan,58
656941,Kyle Schwarber,PHI,25.6,4.56,nan,138
678218,Brandon Valenzuela,TOR,25.6,4.72,nan,74
694876,Cooper Ingle,CLE,25.6,nan,nan,7
516782,Starling Marte,KC,25.6,4.46,nan,61
663993,Nathaniel Lowe,CLE,25.5,4.61,nan,136
502671,Paul Goldschmidt,NYY,25.5,4.73,nan,125
686780,Pedro Pagés,STL,25.5,4.78,nan,55
669134,Luis Campusano,SD,25.5,4.86,nan,77
671655,George Valera,CLE,25.5,nan,nan,16
665861,Sebastián Rivero,LAA,25.5,nan,nan,16
606115,Orlando Arcia,MIN,25.5,4.76,nan,27
700932,Kyle Manzardo,CLE,25.4,4.65,nan,86
670541,Yordan Alvarez,HOU,25.4,4.66,nan,152
665804,Miguel Amaya,CHC,25.4,4.78,nan,66
682626,Francisco Alvarez,NYM,25.3,4.73,nan,131
665966,Carlos Narváez,BAL,25.3,4.92,nan,64
621566,Matt Olson,ATL,25.3,4.77,nan,206
608841,Joey Meneses,ATH,25.3,nan,nan,6
650402,Gleyber Torres,DET,25.3,4.81,nan,149
672275,Patrick Bailey,CLE,25.3,4.78,nan,96
694673,Abimelec Ortiz,WSH,25.3,4.63,nan,43
518692,Freddie Freeman,LAD,25.3,4.7,nan,227
645305,Ali Sánchez,NYY,25.2,4.96,nan,27
543510,James McCann,AZ,25.2,4.82,nan,53
592518,Manny Machado,SD,25.2,4.77,nan,174
624512,Reese McGuire,CWS,25.2,nan,nan,8
571448,Nolan Arenado,AZ,25.1,4.8,nan,184
660688,Keibert Ruiz,WSH,25.1,4.82,nan,129
641680,Jonah Heim,ATH,25.1,4.87,nan,141
642851,Austin Wynns,TEX,25.1,4.86,nan,26
656976,Pavin Smith,AZ,25.1,4.71,nan,37
641598,Mitch Garver,SEA,25.1,4.81,nan,34
670623,Isaac Paredes,HOU,25.1,4.91,nan,157
665953,Andrés Chaparro,WSH,25.1,4.88,nan,82
608369,Corey Seager,TEX,25.1,4.77,nan,131
694208,Moisés Ballesteros,LAA,25.0,4.71,nan,112
592626,Joc Pederson,TEX,25.0,4.6,nan,112
669357,Nolan Gorman,STL,25.0,4.59,nan,68
624413,Pete Alonso,BAL,24.9,4.9,nan,176
518595,Travis d'Arnaud,LAA,24.9,4.93,nan,27
681198,TJ Rumfield,COL,24.9,4.72,nan,217
680664,Eduardo Valencia,DET,24.8,4.9,nan,59
663584,Hayden Senger,NYM,24.8,nan,nan,7
571657,Kyle Farmer,ATL,24.8,nan,nan,9
656555,Rhys Hoskins,CLE,24.8,4.95,nan,75
687462,Spencer Horwitz,PIT,24.7,4.77,nan,143
542303,Marcell Ozuna,PIT,24.7,4.88,nan,58
694212,Samuel Basallo,BAL,24.7,4.85,nan,119
668800,Andrew Knizner,SF,24.7,nan,nan,26
664034,Ty France,SD,24.7,4.9,nan,159
571912,Luke Maile,KC,24.7,nan,nan,12
640902,Jhonny Pereda,SEA,24.6,5.09,nan,33
642020,Chuckie Robinson,LAD,24.6,nan,nan,8
543309,Kyle Higashioka,TEX,24.6,4.89,nan,45
650968,Yohel Pozo,BAL,24.5,4.87,nan,22
596142,Gary Sánchez,MIL,24.5,4.87,nan,80
595978,Austin Hedges,CLE,24.5,5.0,nan,81
553869,Elias Díaz,TEX,24.4,4.91,nan,66
644433,Chadwick Tromp,BAL,24.4,nan,nan,18
605170,Victor Caratini,MIN,24.4,4.93,nan,116
669087,Sam Huff,BAL,24.3,nan,nan,9
700337,Edgar Quero,CWS,24.3,4.87,nan,65
647304,Josh Naylor,SEA,24.3,4.76,nan,233
672386,Alejandro Kirk,TOR,23.9,4.8,nan,118
519317,Giancarlo Stanton,NYY,23.8,nan,nan,25
521692,Salvador Perez,KC,23.7,4.99,nan,197
467793,Carlos Santana,AZ,23.7,nan,nan,5
543877,Christian Vázquez,HOU,23.4,5.03,nan,83
624431,Jose Trevino,CIN,23.4,5.0,nan,57
506702,Sandy León,ATL,22.1,nan,nan,11
