export_date,Slot,Team,Player,Pitcher,Grade,OnBaseScore,Matchup,ZF,G2TB%,SimTB2%,AVG,SLG,ISO,xwOBA,XBH%,HH%,SimTB,LA°,TB Signal,Plate IQ,IQ Grade,Zone Risk,Hand Match,Longshot,Chalk,Day Late,Young Gun,Mid-Tier,Season PA,Arsenal Fit ISO,Arsenal Fit Pull%,Arsenal Fit PulledAir%,Arsenal Fit 350+,Arsenal Blast%,Bullpen HR Rank,Sauce 2.0,Sauce 2.5,Sauce 3.0,Hit Signal,Secret Sauce,Avoid List,Game ID,Batter ID,Pitcher ID
2026-10-05,,NYY,Ben Rice,Freddy Peralta,💥 Hittable,93,100,4.7,,56.8%,,,0.298,0.385,,,2.8,12.7,1,52,C,0,full,0,1,0,0,0,652,0.339,34.8,8.6,32,74.0,15,1,1,1,0,0,0,849839,700250,642547
2026-10-05,,CWS,Munetaka Murakami,Gavin Williams,🤔 Average,86,66,4.8,,40.8%,,,0.269,0.361,,,1.9,8.7,1,38,D,0,full,0,1,0,0,0,529,0.322,23.7,7.8,21,75.0,23,1,1,1,0,0,0,849834,808959,668909
2026-10-05,,CWS,Junior Perez,Gavin Williams,🤔 Average,84,88,5.1,,61.2%,,,0.26,0.296,,,1.8,27.2,1,28,F,0,,0,0,0,1,0,36,0.6,20.0,0.0,1,64.0,23,0,0,0,0,0,0,849834,678577,668909
2026-10-05,,NYY,Luis García Jr.,Freddy Peralta,💥 Hittable,81,91,4.1,,56.8%,,,0.247,0.342,,,2.0,6.5,1,49,C,0,full,0,1,0,0,0,528,0.238,43.8,5.7,18,79.0,15,0,1,0,1,1,0,849839,671277,642547
2026-10-05,,TB,Junior Caminero,Cam Schlittler,‼️ Elite,79,65,5.4,,40.3%,,,0.259,0.37,,,2.2,9.2,1,60,B,0,,0,0,0,0,1,679,0.265,34.1,6.1,17,93.0,13,0,0,0,1,0,0,849839,691406,693645
2026-10-05,,NYY,Giancarlo Stanton,Freddy Peralta,💥 Hittable,76,81,2.9,,55.9%,,,0.163,0.367,,,1.6,23.9,1,38,D,0,,0,0,0,1,0,71,0.2,34.6,11.5,2,95.0,15,1,0,0,0,0,0,849839,519317,642547
2026-10-05,,CWS,Randal Grichuk,Gavin Williams,🤔 Average,74,52,3.5,,37.9%,,,0.282,0.348,,,1.3,21.9,0,52,C,0,,0,1,0,0,0,281,0.254,35.6,5.1,3,60.0,23,0,1,0,0,0,0,849834,545341,668909
2026-10-05,,CLE,Jo Adell,Anthony Kay,🎯 Target,70,98,2.6,,68.8%,,,0.172,0.314,,,2.1,22.7,0,27,F,0,full,0,1,0,0,0,638,0.26,34.0,7.5,13,87.0,16,0,0,0,0,0,0,849834,666176,641743
2026-10-05,,CWS,Colson Montgomery,Gavin Williams,🤔 Average,69,47,4.0,,38.1%,,,0.215,0.295,,,1.3,26.1,0,36,D,0,,0,1,0,0,0,612,0.128,26.1,5.9,14,86.0,23,0,0,0,0,0,0,849834,695657,668909
2026-10-05,,CWS,Andrew Benintendi,Gavin Williams,🤔 Average,69,47,1.8,,41%,,,0.189,0.317,,,1.5,17.3,0,31,F,0,partial,0,0,0,0,1,444,0.239,42.0,14.6,21,63.0,23,0,0,0,0,0,0,849834,643217,668909
2026-10-05,,TB,Victor Mesa Jr.,Cam Schlittler,‼️ Elite,69,46,4.3,,34.1%,,,0.229,0.315,,,1.7,12.0,0,30,F,1,full,0,0,0,0,1,265,0.277,30.8,7.5,15,72.0,13,0,0,0,0,0,0,849839,683748,693645
2026-10-05,,NYY,Cody Bellinger,Freddy Peralta,💥 Hittable,68,69,2.8,,53.9%,,,0.17,0.335,,,1.7,29.5,0,56,B,0,,0,0,0,0,1,545,0.179,38.3,7.5,17,63.0,15,0,0,0,0,0,0,849839,641355,642547
2026-10-05,,TB,Yandy Díaz,Cam Schlittler,‼️ Elite,67,52,2.8,,38.4%,,,0.15,0.358,,,1.7,4.3,0,49,C,0,,0,0,0,0,1,664,0.086,16.8,0.7,11,53.0,13,0,0,0,1,0,0,849839,650490,693645
2026-10-05,,TB,Jonathan Aranda,Cam Schlittler,‼️ Elite,67,43,2.4,,33.3%,,,0.178,0.346,,,2.0,6.5,0,42,D,1,partial,0,0,0,0,1,642,0.178,26.0,5.2,19,59.0,13,0,0,0,1,0,0,849839,666018,693645
2026-10-05,,TB,Liam Hicks,Cam Schlittler,‼️ Elite,65,45,2.7,,35.8%,,,0.161,0.33,,,1.9,6.5,0,71,A,0,,0,0,0,0,1,533,0.179,41.4,8.6,16,38.0,13,0,0,0,1,0,0,849839,689414,693645
2026-10-05,,CWS,Miguel Vargas,Gavin Williams,🤔 Average,64,66,3.2,,44.8%,,,0.224,0.38,,,1.2,8.3,0,57,B,0,,0,1,0,0,0,682,0.218,36.2,9.2,32,80.0,23,1,0,0,0,0,0,849834,678246,668909
2026-10-05,,CWS,Sam Antonacci,Gavin Williams,🤔 Average,64,39,1.2,,39.4%,,,0.124,0.348,,,1.7,8.5,0,57,B,0,,0,0,0,0,1,560,0.18,28.3,5.3,17,53.0,23,0,0,0,1,0,0,849834,803011,668909
2026-10-05,,NYY,Austin Wells,Freddy Peralta,💥 Hittable,63,62,2.5,,54.8%,,,0.145,0.306,,,1.2,22.0,0,47,C,0,partial,0,0,0,0,1,380,0.157,36.3,9.5,11,70.0,15,0,0,0,0,0,0,849839,669224,642547
2026-10-05,,NYY,Heliot Ramos,Freddy Peralta,💥 Hittable,63,54,2.6,,47.1%,,,0.17,0.332,,,1.6,18.1,0,27,F,0,,0,0,0,0,1,420,0.139,25.3,3.2,9,66.0,15,0,0,0,0,0,0,849839,671218,642547
2026-10-05,,CWS,Chase Meidroth,Gavin Williams,🤔 Average,62,48,1.9,,47%,,,0.15,0.303,,,1.7,-2.8,0,45,C,0,,0,0,0,0,1,617,0.103,32.2,4.8,12,39.0,23,0,0,0,1,0,0,849834,805367,668909
2026-10-05,,CLE,Chase DeLauter,Anthony Kay,🎯 Target,58,37,1.5,,33.4%,,,0.183,0.343,,,1.8,18.4,0,69,A,0,,0,0,0,0,1,536,0.155,34.7,3.3,3,51.0,16,0,0,0,0,0,0,849834,800050,641743
2026-10-05,,NYY,Ryan McMahon,Freddy Peralta,💥 Hittable,58,52,2.0,,52.7%,,,0.141,0.299,,,1.1,23.6,0,23,F,0,partial,0,0,0,0,1,346,0.182,29.5,4.9,13,76.0,15,0,0,0,0,0,0,849839,641857,642547
2026-10-05,,TB,Jonny DeLuca,Cam Schlittler,‼️ Elite,57,49,2.5,,51.8%,,,0.195,0.249,,,2.2,22.5,0,43,D,1,,0,0,0,0,1,363,0.176,33.6,4.7,3,65.0,13,0,0,0,1,0,0,849839,676356,693645
2026-10-05,,CLE,David Fry,Anthony Kay,🎯 Target,54,64,3.0,,59.1%,,,0.172,0.275,,,1.1,33.6,0,47,C,0,,0,0,0,0,1,203,0.169,34.0,6.8,6,74.0,16,0,0,0,0,0,0,849834,681807,641743
2026-10-05,,CWS,Drew Romo,Gavin Williams,🤔 Average,53,28,2.7,,35.6%,,,0.15,0.266,,,0.8,4.5,0,38,D,0,,0,0,0,0,1,203,0.125,36.0,5.6,5,54.0,23,0,0,0,0,0,0,849834,691011,668909
2026-10-05,,CLE,Kyle Manzardo,Anthony Kay,🎯 Target,53,34,2.4,,30.7%,,,0.16,0.298,,,1.3,10.5,0,33,D,0,,0,0,0,0,1,340,0.114,45.5,11.4,2,56.0,16,0,0,0,0,0,0,849834,700932,641743
2026-10-05,,NYY,Max Schuemann,Freddy Peralta,💥 Hittable,53,33,1.0,,52.7%,,,0.163,0.313,,,0.3,11.2,0,49,C,0,,0,0,0,1,0,89,0.0,10.7,3.6,3,37.0,15,0,0,0,0,0,0,849839,680474,642547
2026-10-05,,TB,Richie Palacios,Cam Schlittler,‼️ Elite,52,28,2.1,,33.5%,,,0.144,0.295,,,1.2,18.2,0,51,C,0,,0,0,0,0,1,386,0.158,34.7,5.9,6,43.0,13,0,0,0,0,0,0,849839,680700,693645
2026-10-05,,CLE,Brayan Rocchio,Anthony Kay,🎯 Target,51,31,1.6,,26.8%,,,0.185,0.302,,,2.5,-0.2,0,43,D,0,,0,0,0,0,1,571,0.168,33.1,6.0,7,50.0,16,0,0,0,1,0,0,849834,677587,641743
2026-10-05,,NYY,Trent Grisham,Freddy Peralta,💥 Hittable,51,65,2.9,,49.2%,,,0.184,0.345,,,1.5,21.5,0,73,A,0,partial,1,0,0,0,0,467,0.242,45.5,11.5,18,69.0,15,0,0,0,0,0,0,849839,663757,642547
2026-10-05,,CWS,Joey Bart,Gavin Williams,🤔 Average,50,58,1.9,,56%,,,0.143,0.317,,,1.0,9.6,0,24,F,0,,0,0,0,0,1,121,0.212,38.9,11.1,2,73.0,23,0,0,0,0,0,0,849834,663698,668909
2026-10-05,,CWS,Brenton Doyle,Gavin Williams,🤔 Average,50,31,1.9,,43.4%,,,0.14,0.24,,,1.0,6.8,0,40,D,0,,0,0,0,0,1,206,0.019,34.5,3.6,1,63.0,23,0,0,0,0,0,0,849834,686668,668909
2026-10-05,,CLE,Daniel Schneemann,Anthony Kay,🎯 Target,49,32,2.2,,35.1%,,,0.133,0.296,,,1.4,9.1,0,43,D,0,,0,0,0,0,1,271,0.132,31.8,6.8,2,63.0,16,0,0,0,0,0,0,849834,682177,641743
2026-10-05,,CLE,Austin Hedges,Anthony Kay,🎯 Target,49,52,1.4,,62.9%,,,0.153,0.277,,,0.8,7.3,0,65,B,0,,0,0,0,0,1,239,0.025,41.4,5.1,2,43.0,16,0,0,0,0,0,0,849834,595978,641743
2026-10-05,,CLE,Nathaniel Lowe,Anthony Kay,🎯 Target,49,24,2.9,,23.8%,,,0.188,0.332,,,0.8,3.0,0,65,B,0,,0,0,0,0,1,418,0.0,27.3,0.0,0,67.0,16,0,0,0,0,0,0,849834,663993,641743
2026-10-05,,CWS,Kyle Teel,Gavin Williams,🤔 Average,48,44,2.8,,37.1%,,,0.151,0.328,,,1.3,11.9,0,47,C,0,,0,0,0,0,1,158,0.236,21.4,8.6,6,66.0,23,0,0,0,0,0,0,849834,691019,668909
2026-10-05,,NYY,Jazz Chisholm Jr.,Freddy Peralta,💥 Hittable,48,67,2.3,,56.5%,,,0.168,0.304,,,1.3,10.9,0,36,D,0,,1,1,0,0,0,514,0.199,40.7,9.3,16,73.0,15,0,0,0,0,0,0,849839,665862,642547
2026-10-05,,NYY,Anthony Volpe,Freddy Peralta,💥 Hittable,48,34,0.8,,53.7%,,,0.092,0.293,,,1.4,10.4,0,40,D,0,,0,0,0,0,1,247,0.078,28.7,2.3,3,58.0,15,0,0,0,0,0,0,849839,683011,642547
2026-10-05,,CLE,Patrick Bailey,Anthony Kay,🎯 Target,47,25,2.2,,23.8%,,,0.163,0.32,,,1.3,19.7,0,32,D,0,,0,0,0,0,1,325,0.031,14.3,2.4,2,66.0,16,0,0,0,0,0,1,849834,672275,641743
2026-10-05,,TB,Nick Fortes,Cam Schlittler,‼️ Elite,47,31,1.9,,40.3%,,,0.128,0.278,,,1.3,-1.2,0,33,D,1,,0,0,0,0,1,310,0.14,42.4,8.1,5,51.0,13,0,0,0,0,0,0,849839,663743,693645
2026-10-05,,TB,Carson Williams,Cam Schlittler,‼️ Elite,47,34,3.1,,48%,,,0.12,0.234,,,0.9,13.2,0,43,D,1,,0,0,0,1,0,36,0.091,38.5,0.0,0,45.0,13,0,0,0,0,0,1,849839,700246,693645
2026-10-05,,CWS,Tristan Peters,Gavin Williams,🤔 Average,46,43,2.3,,44.2%,,,0.172,0.312,,,1.2,3.7,0,44,C,0,partial,0,0,0,0,1,474,0.217,41.8,9.7,14,54.0,23,0,0,0,0,0,0,849834,671976,668909
2026-10-05,,NYY,Amed Rosario,Freddy Peralta,💥 Hittable,46,63,2.4,,56.8%,,,0.167,0.31,,,1.4,7.0,0,38,D,0,,0,0,0,0,1,232,0.265,19.4,2.8,2,56.0,15,0,0,0,0,0,0,849839,642708,642547
2026-10-05,,NYY,Paul Goldschmidt,Freddy Peralta,💥 Hittable,46,53,2.9,,44.6%,,,0.2,0.324,,,0.8,17.1,0,43,D,0,,0,1,0,0,0,381,0.149,33.0,8.5,5,61.0,15,0,0,0,0,0,0,849839,502671,642547
2026-10-05,,CWS,Luisangel Acuña,Gavin Williams,🤔 Average,43,20,1.0,,47.1%,,,0.064,0.264,,,0.9,24.2,0,50,C,0,,0,0,0,0,1,198,0.0,32.7,0.0,0,66.0,23,0,0,0,0,0,0,849834,682668,668909
2026-10-05,,NYY,Spencer Jones,Freddy Peralta,💥 Hittable,43,50,3.0,,49.1%,,,0.184,0.318,,,0.9,30.1,0,40,D,0,partial,0,0,0,0,1,301,0.11,25.7,6.1,10,95.0,15,0,0,0,0,0,0,849839,682987,642547
2026-10-05,,NYY,George Lombard Jr.,Freddy Peralta,💥 Hittable,43,52,3.3,,49.8%,,,0.178,0.299,,,1.1,18.6,0,43,D,0,,0,0,0,0,1,177,0.085,25.0,3.1,4,59.0,15,0,0,0,0,0,0,849839,806146,642547
2026-10-05,,CLE,Rhys Hoskins,Anthony Kay,🎯 Target,42,67,3.6,,56.3%,,,0.198,0.309,,,0.9,7.4,0,28,F,0,partial,0,1,0,0,0,301,0.212,33.0,10.6,8,73.0,16,0,0,0,0,0,0,849834,656555,641743
2026-10-05,,CLE,Travis Bazzana,Anthony Kay,🎯 Target,42,20,2.0,,25.9%,,,0.159,0.304,,,0.9,15.8,0,48,C,0,,0,0,0,0,1,520,0.019,27.4,2.4,5,42.0,16,0,0,0,0,0,0,849834,683953,641743
2026-10-05,,TB,Nick Madrigal,Cam Schlittler,‼️ Elite,42,28,0.0,,49.9%,,,0.042,0.289,,,1.2,8.7,0,77,A,0,,0,0,0,1,0,63,0.0,34.6,0.0,0,28.0,13,0,0,0,1,0,0,849839,663611,693645
2026-10-05,,CWS,Braden Montgomery,Gavin Williams,🤔 Average,41,35,1.3,,40.5%,,,0.124,0.317,,,1.3,-2.1,0,40,D,0,partial,0,0,0,0,1,376,0.14,29.0,3.6,7,44.0,23,0,0,0,0,0,0,849834,695731,668909
2026-10-05,,TB,Jorge Mateo,Cam Schlittler,‼️ Elite,40,21,0.5,,33.1%,,,0.11,0.26,,,0.7,6.3,0,41,D,1,,0,0,0,0,1,214,0.059,21.9,0.0,4,57.0,13,0,0,0,0,0,1,849839,622761,693645
2026-10-05,,CWS,Tommy Pham,Gavin Williams,🤔 Average,38,27,1.9,,36.9%,,,0.1,0.35,,,0.4,4.5,0,48,C,0,,0,0,0,1,0,38,0.0,60.0,0.0,0,78.0,23,0,0,0,0,0,0,849834,502054,668909
2026-10-05,,NYY,José Caballero,Freddy Peralta,💥 Hittable,38,47,3.4,,56.7%,,,0.134,0.275,,,0.9,9.6,0,40,D,0,,0,0,0,0,1,438,0.178,36.7,5.3,7,38.0,15,0,0,0,0,0,0,849839,676609,642547
2026-10-05,,TB,Ryan Vilade,Cam Schlittler,‼️ Elite,38,36,3.0,,34.9%,,,0.184,0.318,,,0.7,26.3,0,38,D,1,,0,0,0,0,1,271,0.108,25.3,5.3,3,60.0,13,0,0,0,0,0,0,849839,668723,693645
2026-10-05,,CLE,Angel Martínez,Anthony Kay,🎯 Target,37,37,3.0,,35%,,,0.211,0.291,,,1.0,27.7,0,34,D,0,,0,0,0,0,1,399,0.17,36.4,7.3,9,59.0,16,0,0,0,0,0,0,849834,682657,641743
2026-10-05,,TB,Taylor Walls,Cam Schlittler,‼️ Elite,36,16,0.4,,34.9%,,,0.084,0.251,,,1.3,3.7,0,24,F,1,,0,0,0,0,1,424,0.099,39.1,8.3,13,41.0,13,0,0,0,0,0,0,849839,670764,693645
2026-10-05,,CLE,Steven Kwan,Anthony Kay,🎯 Target,35,14,0.3,,27.4%,,,0.081,0.33,,,1.2,4.9,0,37,D,0,,0,0,0,0,1,614,0.008,28.2,2.7,4,7.0,16,0,0,0,0,0,0,849834,680757,641743
2026-10-05,,CLE,José Ramírez,Anthony Kay,🎯 Target,35,34,1.7,,34%,,,0.133,0.333,,,1.4,37.5,0,44,C,0,,0,0,0,0,1,518,0.194,48.0,6.9,4,64.0,16,0,0,0,0,0,0,849834,608070,641743
2026-10-05,,CWS,Jake Rogers,Gavin Williams,🤔 Average,33,27,1.9,,39.8%,,,0.126,0.278,,,0.6,31.1,0,19,F,0,,0,0,0,0,1,162,0.159,36.5,10.8,5,57.0,23,0,0,0,0,0,0,849834,668670,668909
2026-10-05,,CLE,Kahlil Watson,Anthony Kay,🎯 Target,32,17,0.0,,23%,,,0.108,0.243,,,1.5,2.1,0,41,D,0,,0,0,0,1,0,91,0.1,50.0,0.0,0,81.0,16,0,0,0,0,0,0,849834,696135,641743
2026-10-05,,NYY,Jasson Domínguez,Freddy Peralta,💥 Hittable,32,37,2.3,,49%,,,0.144,0.282,,,1.0,11.7,0,38,D,0,partial,0,0,0,0,1,224,0.128,40.7,7.7,1,72.0,15,0,0,0,0,0,0,849839,691176,642547
2026-10-05,,TB,Cedric Mullins,Cam Schlittler,‼️ Elite,31,27,2.6,,33.6%,,,0.139,0.273,,,1.2,15.6,0,37,D,1,,0,0,0,0,1,481,0.15,38.8,11.2,18,53.0,13,0,0,0,0,0,0,849839,656775,693645
2026-10-05,,CLE,George Valera,Anthony Kay,🎯 Target,28,11,0.0,,22.8%,,,0.082,0.22,,,1.1,16.1,0,46,C,0,,0,0,0,1,0,38,0.167,38.9,0.0,0,54.0,16,0,0,0,0,0,0,849834,671655,641743
2026-10-05,,CWS,Edgar Quero,Gavin Williams,🤔 Average,26,16,1.5,,35.5%,,,0.053,0.285,,,0.7,3.3,0,64,B,0,,0,0,0,0,1,196,0.014,23.5,1.2,4,45.0,23,0,0,0,0,0,0,849834,700337,668909
2026-10-05,,TB,Jake Fraley,Cam Schlittler,‼️ Elite,25,22,1.1,,38.6%,,,0.148,0.233,,,0.6,22.8,0,43,D,1,,0,0,0,1,0,78,0.136,23.9,8.7,2,55.0,13,0,0,0,0,0,0,849839,641584,693645
2026-10-05,,TB,Ben Williamson,Cam Schlittler,‼️ Elite,23,22,0.4,,43.1%,,,0.08,0.273,,,0.8,6.2,0,33,D,1,,0,0,0,0,1,267,0.096,21.8,0.0,0,26.0,13,0,0,0,0,0,0,849839,810938,693645
2026-10-05,,NYY,J.C. Escarra,Freddy Peralta,💥 Hittable,19,9,0.0,,40.8%,,,0.082,0.275,,,0.7,24.2,0,42,D,0,partial,0,0,0,1,0,86,0.086,26.3,5.3,2,41.0,15,0,0,0,0,0,0,849839,641555,642547
2026-10-05,,NYY,Ali Sánchez,Freddy Peralta,💥 Hittable,19,15,0.0,,48.4%,,,0.058,0.254,,,0.4,16.2,0,36,D,0,,0,0,0,1,0,92,0.0,22.6,0.0,1,60.0,15,0,0,0,0,0,1,849839,645305,642547
2026-10-05,,TB,Austin Slater,Cam Schlittler,‼️ Elite,18,20,0.0,,51.4%,,,0.046,0.255,,,0.2,20.1,0,62,B,0,,0,0,0,1,0,61,0.0,0.0,0.0,0,,13,0,0,0,0,0,0,849839,596103,693645
2026-10-05,,CWS,Rikuu Nishida,Gavin Williams,🤔 Average,17,9,0.0,,33.7%,,,0.0,0.239,,,0.5,1.3,0,48,C,0,,0,0,0,1,0,30,0.0,23.5,0.0,0,22.0,23,0,0,0,0,0,0,849834,807747,668909
2026-10-05,,CLE,Angel Genao,Anthony Kay,🎯 Target,16,15,0.0,,27.6%,,,0.079,0.29,,,0.9,1.9,0,63,B,0,,0,0,0,0,1,139,0.156,48.6,5.7,2,70.0,16,0,0,0,0,0,0,849834,694197,641743
2026-10-05,,TB,Chandler Simpson,Cam Schlittler,‼️ Elite,16,17,0.0,,38.3%,,,0.049,0.251,,,1.1,4.3,0,54,C,0,,0,0,0,0,1,589,0.048,30.9,1.8,0,17.0,13,0,0,0,0,0,0,849839,802415,693645
2026-10-05,,CLE,Petey Halpin,Anthony Kay,🎯 Target,14,12,1.2,,23.4%,,,0.101,0.299,,,0.6,19.5,0,43,D,0,,0,0,0,0,1,195,0.097,38.9,8.3,2,30.0,16,0,0,0,0,0,0,849834,690984,641743
