date,n_bip,actual_hr,xhr,diff,z,verdict
2026-03-25,49,0,1.08,-1.08,-1.3,NORMAL
2026-03-26,546,31,32.74,-1.74,-0.55,NORMAL
2026-03-27,356,17,15.16,1.84,0.7,NORMAL
2026-03-28,733,25,31.56,-6.56,-1.77,NORMAL
2026-03-29,570,29,31.81,-2.81,-0.77,NORMAL
2026-03-30,751,28,30.04,-2.04,-0.58,NORMAL
2026-03-31,672,29,30.11,-1.11,-0.32,NORMAL
2026-04-01,730,29,31.55,-2.55,-0.66,NORMAL
2026-04-10,749,34,40.41,-6.41,-1.6,NORMAL
2026-04-11,759,34,39.82,-5.82,-1.39,NORMAL
2026-04-12,773,36,35.39,0.61,0.17,NORMAL
2026-04-13,556,37,36.69,0.31,0.09,NORMAL
2026-04-14,743,34,33.86,0.14,0.04,NORMAL
2026-04-15,736,36,38.75,-2.75,-0.66,NORMAL
2026-04-16,506,16,21.55,-5.55,-1.73,NORMAL
2026-04-17,790,32,40.79,-8.79,-1.96,NORMAL
2026-04-18,813,35,42.26,-7.26,-1.76,NORMAL
2026-04-19,750,29,36.53,-7.53,-1.89,NORMAL
2026-04-20,551,22,24.52,-2.52,-0.73,NORMAL
2026-04-21,712,26,27.11,-1.11,-0.33,NORMAL
2026-04-22,800,36,39.21,-3.21,-0.85,NORMAL
2026-04-23,466,26,24.27,1.73,0.59,NORMAL
2026-04-24,770,50,50.08,-0.08,-0.02,NORMAL
2026-04-25,735,37,36.24,0.76,0.19,NORMAL
2026-04-26,789,38,41.65,-3.65,-0.89,NORMAL
2026-04-27,413,19,21.3,-2.3,-0.79,NORMAL
2026-04-28,751,27,31.52,-4.52,-1.17,NORMAL
2026-04-29,644,27,29.58,-2.58,-0.7,NORMAL
2026-04-30,593,22,27.38,-5.38,-1.62,NORMAL
2026-05-01,773,34,38.92,-4.92,-1.29,NORMAL
2026-05-02,763,26,33.58,-7.58,-1.97,NORMAL
2026-05-03,765,26,34.44,-8.44,-2.28,DEAD
2026-05-04,604,27,32.28,-5.28,-1.48,NORMAL
2026-05-05,664,31,33.08,-2.08,-0.54,NORMAL
2026-05-06,742,30,29.54,0.46,0.13,NORMAL
2026-05-07,520,21,26.81,-5.81,-1.74,NORMAL
2026-05-08,737,28,31.21,-3.21,-0.87,NORMAL
2026-05-09,702,26,28.89,-2.89,-0.8,NORMAL
2026-05-10,729,21,31.1,-10.1,-2.65,DEAD
2026-05-11,302,8,10.28,-2.28,-1.0,NORMAL
2026-05-12,749,35,38.7,-3.7,-0.9,NORMAL
2026-05-13,749,30,31.18,-1.18,-0.33,NORMAL
2026-05-14,538,24,25.73,-1.73,-0.53,NORMAL
2026-05-15,789,30,34.81,-4.81,-1.18,NORMAL
2026-05-16,779,35,36.73,-1.73,-0.44,NORMAL
2026-05-17,795,37,39.86,-2.86,-0.71,NORMAL
2026-05-18,747,32,29.86,2.14,0.57,NORMAL
2026-05-19,736,32,29.51,2.49,0.65,NORMAL
2026-05-21,321,13,12.94,0.06,0.02,NORMAL
2026-05-22,586,19,28.71,-9.71,-2.76,DEAD
2026-05-23,667,23,21.56,1.44,0.43,NORMAL
2026-05-24,753,23,30.88,-7.88,-2.11,DEAD
2026-05-25,666,34,36.5,-2.5,-0.69,NORMAL
2026-05-26,814,52,42.39,9.61,2.35,JUICED
2026-05-27,768,27,33.1,-6.1,-1.51,NORMAL
2026-05-28,283,11,11.77,-0.77,-0.36,NORMAL
2026-05-29,836,51,40.42,10.58,2.71,JUICED
2026-05-30,779,42,45.18,-3.18,-0.71,NORMAL
2026-05-31,764,32,36.7,-4.7,-1.16,NORMAL
2026-06-01,467,31,29.98,1.02,0.29,NORMAL
2026-06-02,749,36,33.33,2.67,0.72,NORMAL
2026-06-03,794,31,32.26,-1.26,-0.34,NORMAL
2026-06-04,491,25,20.55,4.45,1.45,NORMAL
2026-06-05,775,42,35.66,6.34,1.69,NORMAL
2026-06-06,682,36,30.51,5.49,1.53,NORMAL
2026-06-07,769,35,37.6,-2.6,-0.65,NORMAL
2026-06-08,414,19,19.57,-0.57,-0.19,NORMAL
2026-06-09,813,37,34.75,2.25,0.56,NORMAL
2026-06-10,776,42,37.86,4.14,1.04,NORMAL
2026-06-11,361,27,20.38,6.62,2.26,JUICED
2026-06-12,733,38,36.51,1.49,0.38,NORMAL
2026-06-13,761,44,35.03,8.97,2.35,JUICED
2026-06-14,748,39,27.99,11.01,3.17,JUICED
2026-06-15,491,28,22.49,5.51,1.8,NORMAL
2026-06-16,665,29,26.33,2.67,0.82,NORMAL
2026-06-17,757,43,30.49,12.51,3.12,JUICED
2026-06-18,404,23,16.68,6.32,2.1,JUICED
2026-06-19,726,42,36.78,5.22,1.32,NORMAL
2026-06-20,711,32,28.55,3.45,0.98,NORMAL
2026-06-21,724,35,29.53,5.47,1.55,NORMAL
2026-06-22,567,16,19.31,-3.31,-1.12,NORMAL
2026-06-23,757,39,37.57,1.43,0.34,NORMAL
2026-06-24,808,40,39.77,0.23,0.06,NORMAL
2026-06-25,402,23,17.63,5.37,2.12,JUICED
2026-06-26,762,29,35.44,-6.44,-1.66,NORMAL
2026-06-27,784,34,36.31,-2.31,-0.59,NORMAL
2026-06-28,765,28,29.85,-1.85,-0.52,NORMAL
2026-06-29,680,36,33.93,2.07,0.58,NORMAL
2026-06-30,769,46,35.26,10.74,2.95,JUICED
2026-07-01,702,45,30.82,14.18,3.77,JUICED
2026-07-02,499,26,20.23,5.77,1.8,NORMAL
2026-07-03,686,37,33.79,3.21,0.82,NORMAL
2026-07-04,734,44,36.87,7.13,1.9,NORMAL
2026-07-05,770,35,34.46,0.54,0.14,NORMAL
2026-07-06,441,25,21.66,3.34,1.07,NORMAL
2026-07-07,833,33,32.52,0.48,0.13,NORMAL
2026-07-08,755,38,35.64,2.36,0.6,NORMAL
2026-07-09,629,39,34.82,4.18,1.1,NORMAL
2026-07-10,733,43,39.83,3.17,0.78,NORMAL
2026-07-11,784,39,33.72,5.28,1.39,NORMAL
2026-07-12,749,30,30.06,-0.06,-0.02,NORMAL
2026-07-16,46,4,2.17,1.83,1.64,NORMAL
2026-07-17,724,35,34.68,0.32,0.08,NORMAL
2026-07-18,744,35,29.97,5.03,1.46,NORMAL
2026-07-19,813,42,37.53,4.47,1.2,NORMAL
2026-07-20,785,53,45.26,7.74,1.84,NORMAL
2026-07-21,684,31,28.18,2.82,0.84,NORMAL
2026-07-22,858,36,32.15,3.85,0.98,NORMAL
2026-07-23,269,9,11.36,-2.36,-1.06,NORMAL
2026-07-24,752,27,31.34,-4.34,-1.11,NORMAL
2026-07-25,740,14,15.08,-1.08,-0.37,NORMAL
2026-07-26,793,40,38.93,1.07,0.27,NORMAL
2026-07-27,581,28,23.98,4.02,1.18,NORMAL
2026-07-28,790,29,30.79,-1.79,-0.5,NORMAL
2026-07-29,852,23,26.64,-3.64,-0.97,NORMAL
2026-07-30,497,18,21.11,-3.11,-1.11,NORMAL
2026-07-31,765,37,37.02,-0.02,-0.0,NORMAL
2026-08-01,780,35,29.06,5.94,1.59,NORMAL
2026-08-02,718,30,29.18,0.82,0.22,NORMAL
2026-08-03,417,30,23.36,6.64,2.21,JUICED
2026-08-04,789,30,30.42,-0.42,-0.11,NORMAL
2026-08-05,705,30,31.31,-1.31,-0.36,NORMAL
2026-08-06,607,25,24.2,0.8,0.23,NORMAL
2026-08-07,758,35,31.72,3.28,0.9,NORMAL
2026-08-08,762,28,29.61,-1.61,-0.44,NORMAL
2026-08-09,790,33,34.12,-1.12,-0.3,NORMAL
2026-08-10,517,18,21.76,-3.76,-1.14,NORMAL
2026-08-11,758,38,31.71,6.29,1.61,NORMAL
2026-08-12,794,38,38.55,-0.55,-0.14,NORMAL
2026-08-13,446,17,20.78,-3.78,-1.28,NORMAL
2026-08-14,724,32,33.02,-1.02,-0.28,NORMAL
2026-08-15,744,30,27.08,2.92,0.8,NORMAL
2026-08-16,754,42,32.65,9.35,2.33,JUICED
2026-08-17,606,25,22.69,2.31,0.71,NORMAL
2026-08-18,789,33,34.05,-1.05,-0.28,NORMAL
2026-08-19,735,26,28.58,-2.58,-0.7,NORMAL
2026-08-20,435,14,15.26,-1.26,-0.47,NORMAL
2026-08-21,756,29,33.0,-4.0,-1.11,NORMAL
2026-08-22,782,40,38.67,1.33,0.33,NORMAL
2026-08-23,768,28,28.56,-0.56,-0.15,NORMAL
2026-08-24,543,19,20.43,-1.43,-0.47,NORMAL
2026-08-25,773,31,33.0,-2.0,-0.56,NORMAL
2026-08-26,800,32,35.84,-3.84,-0.99,NORMAL
2026-08-27,348,16,15.59,0.41,0.15,NORMAL
2026-08-28,767,31,32.86,-1.86,-0.5,NORMAL
2026-08-29,877,29,31.38,-2.38,-0.62,NORMAL
2026-08-30,720,37,31.98,5.02,1.36,NORMAL
2026-08-31,630,31,27.56,3.44,1.05,NORMAL
2026-09-01,807,38,34.54,3.46,0.85,NORMAL
2026-09-02,832,35,36.61,-1.61,-0.38,NORMAL
2026-09-03,432,16,13.98,2.02,0.73,NORMAL
2026-09-04,827,40,33.58,6.42,1.68,NORMAL
2026-09-05,755,37,36.06,0.94,0.25,NORMAL
2026-09-06,724,33,34.76,-1.76,-0.47,NORMAL
2026-09-07,537,22,27.29,-5.29,-1.68,NORMAL
2026-09-08,785,38,37.53,0.47,0.12,NORMAL
2026-09-09,771,45,39.79,5.21,1.31,NORMAL
2026-09-10,219,8,9.18,-1.18,-0.54,NORMAL
2026-09-11,825,31,39.69,-8.69,-2.11,DEAD
2026-09-12,790,46,41.69,4.31,1.06,NORMAL
2026-09-13,762,40,38.18,1.82,0.46,NORMAL
2026-09-14,510,24,24.3,-0.3,-0.09,NORMAL
2026-09-15,761,38,35.55,2.45,0.64,NORMAL
2026-09-16,793,29,30.23,-1.23,-0.33,NORMAL
2026-09-17,441,16,15.66,0.34,0.12,NORMAL
2026-09-18,772,36,35.29,0.71,0.19,NORMAL
2026-09-19,791,34,29.75,4.25,1.18,NORMAL
2026-09-20,718,31,33.08,-2.08,-0.57,NORMAL
2026-09-21,137,10,6.88,3.12,1.69,NORMAL
2026-09-22,751,26,35.27,-9.27,-2.45,DEAD
2026-09-23,803,28,32.66,-4.66,-1.24,NORMAL
2026-09-24,600,29,34.46,-5.46,-1.41,NORMAL
2026-09-25,852,36,45.77,-9.77,-2.36,DEAD
2026-09-26,680,37,38.72,-1.72,-0.43,NORMAL
2026-09-27,712,37,34.72,2.28,0.6,NORMAL
2026-09-29,192,8,8.18,-0.18,-0.1,NORMAL
2026-09-30,200,12,9.78,2.22,1.2,NORMAL
2026-10-01,49,3,2.82,0.18,0.16,NORMAL
2026-10-03,173,9,9.16,-0.16,-0.09,NORMAL
2026-10-04,94,2,3.52,-1.52,-1.22,NORMAL
2026-10-05,96,2,4.19,-2.19,-1.41,NORMAL
