export_date,Slot,Team,Player,Pitcher,Grade,TrueHR,Matchup,ZF,Form (gHR),SimHR%,ISO,xwOBA,PulledBrl%,Brl/BIP%,HR/FB%,FB%,HH%,LA°,Barrel Signal,Plate IQ,IQ Grade,Zone Risk,Hand Match,Longshot,Chalk,Day Late,Young Gun,Mid-Tier,Season PA,Arsenal Fit ISO,Arsenal Fit Pull%,Arsenal Fit PulledAir%,Arsenal Fit 350+,Arsenal Blast%,Bullpen HR Rank,Sauce 2.0,Sauce 2.5,Sauce 3.0,Hit Signal,Secret Sauce,Avoid List,Game ID,Batter ID,Pitcher ID
2026-10-05,,NYY,Ben Rice,Freddy Peralta,💥 Hittable,93,100,4.7,41.0,15.1%,0.298,0.385,14.3,100%,0.668,21.4,50.0,12.7,1,52,C,0,full,0,1,0,0,0,652,0.339,34.8,8.6,32,74.0,15,1,1,1,0,0,0,849839,700250,642547
2026-10-05,,CWS,Randal Grichuk,Gavin Williams,🤔 Average,86,72,3.5,41.0,12%,0.282,0.348,10.0,100%,1.0,10.0,60.0,21.9,1,52,C,0,,0,1,0,0,0,281,0.254,35.6,5.1,3,60.0,23,0,1,0,0,0,0,849834,545341,668909
2026-10-05,,TB,Junior Caminero,Cam Schlittler,‼️ Elite,79,70,5.4,40.0,8.9%,0.259,0.37,10.0,100%,1.0,10.0,30.0,9.2,0,60,B,0,,0,0,0,0,1,679,0.265,34.1,6.1,17,93.0,13,0,0,0,1,0,0,849839,691406,693645
2026-10-05,,CWS,Munetaka Murakami,Gavin Williams,🤔 Average,78,74,4.8,33.0,6.5%,0.269,0.361,5.6,50.2%,0.167,33.3,33.3,8.7,0,38,D,0,full,0,1,0,0,0,529,0.322,23.7,7.8,21,75.0,23,1,1,1,0,0,0,849834,808959,668909
2026-10-05,,NYY,Luis García Jr.,Freddy Peralta,💥 Hittable,71,100,4.1,40.0,22.8%,0.247,0.342,10.0,25%,0.25,40.0,40.0,6.5,0,49,C,0,full,0,1,0,0,0,528,0.238,43.8,5.7,18,79.0,15,0,1,0,1,1,0,849839,671277,642547
2026-10-05,,CLE,Jo Adell,Anthony Kay,🎯 Target,70,100,2.6,38.0,12%,0.172,0.314,20.0,100%,0.5,20.0,40.0,22.7,0,27,F,0,full,0,1,0,0,0,638,0.26,34.0,7.5,13,87.0,16,0,0,0,0,0,0,849834,666176,641743
2026-10-05,,CWS,Junior Perez,Gavin Williams,🤔 Average,69,98,5.1,20.0,11.7%,0.26,0.296,0.0,0%,0.5,20.0,40.0,27.2,0,28,F,0,,0,0,0,1,0,36,0.6,20.0,0.0,1,64.0,23,0,0,0,0,0,0,849834,678577,668909
2026-10-05,,CWS,Andrew Benintendi,Gavin Williams,🤔 Average,68,57,1.8,35.0,7.5%,0.189,0.317,10.0,50%,0.5,20.0,20.0,17.3,0,31,F,0,partial,0,0,0,0,1,444,0.239,42.0,14.6,21,63.0,23,0,0,0,0,0,0,849834,643217,668909
2026-10-05,,CLE,Patrick Bailey,Anthony Kay,🎯 Target,61,36,2.2,31.0,2.1%,0.163,0.32,10.0,66.7%,0.667,30.0,30.0,19.7,0,32,D,0,,0,0,0,0,1,325,0.031,14.3,2.4,2,66.0,16,0,0,0,0,0,1,849834,672275,641743
2026-10-05,,TB,Jonathan Aranda,Cam Schlittler,‼️ Elite,61,46,2.4,33.0,5.6%,0.178,0.346,10.0,25%,0.25,40.0,40.0,6.5,0,42,D,1,partial,0,0,0,0,1,642,0.178,26.0,5.2,19,59.0,13,0,0,0,1,0,0,849839,666018,693645
2026-10-05,,TB,Victor Mesa Jr.,Cam Schlittler,‼️ Elite,61,55,4.3,16.0,8.4%,0.229,0.315,0.0,0%,0.0,10.0,40.0,12.0,0,30,F,1,full,0,0,0,0,1,265,0.277,30.8,7.5,15,72.0,13,0,0,0,0,0,0,849839,683748,693645
2026-10-05,,CWS,Miguel Vargas,Gavin Williams,🤔 Average,60,83,3.2,15.0,9.9%,0.224,0.38,0.0,0%,0.0,14.3,21.4,8.3,0,57,B,0,,0,1,0,0,0,682,0.218,36.2,9.2,32,80.0,23,1,0,0,0,0,0,849834,678246,668909
2026-10-05,,TB,Jonny DeLuca,Cam Schlittler,‼️ Elite,60,52,2.5,25.0,12.2%,0.195,0.249,10.0,200%,2.0,10.0,30.0,22.5,0,43,D,1,,0,0,0,0,1,363,0.176,33.6,4.7,3,65.0,13,0,0,0,1,0,0,849839,676356,693645
2026-10-05,,NYY,Trent Grisham,Freddy Peralta,💥 Hittable,57,81,2.9,12.0,13.1%,0.184,0.345,0.0,0%,0.0,10.0,30.0,21.5,0,73,A,0,partial,0,0,0,0,1,467,0.242,45.5,11.5,18,69.0,15,0,0,0,0,0,0,849839,663757,642547
2026-10-05,,NYY,Austin Wells,Freddy Peralta,💥 Hittable,57,82,2.5,18.0,15.7%,0.145,0.306,0.0,0%,0.0,9.1,54.5,22.0,0,47,C,0,partial,0,0,0,0,1,380,0.157,36.3,9.5,11,70.0,15,0,0,0,0,0,0,849839,669224,642547
2026-10-05,,CLE,Chase DeLauter,Anthony Kay,🎯 Target,56,40,1.5,27.0,8.8%,0.183,0.343,10.0,100%,1.0,10.0,20.0,18.4,0,69,A,0,,0,0,0,0,1,536,0.155,34.7,3.3,3,51.0,16,0,0,0,0,0,0,849834,800050,641743
2026-10-05,,CWS,Colson Montgomery,Gavin Williams,🤔 Average,55,59,4.0,20.0,6.9%,0.215,0.295,0.0,25.1%,0.25,26.7,26.7,26.1,0,36,D,0,,0,1,0,0,0,612,0.128,26.1,5.9,14,86.0,23,0,0,0,0,0,0,849834,695657,668909
2026-10-05,,CWS,Tommy Pham,Gavin Williams,🤔 Average,55,58,1.9,23.0,3.3%,0.1,0.35,10.0,100%,0.0,10.0,30.0,4.5,0,48,C,0,,0,0,0,1,0,38,0.0,60.0,0.0,0,78.0,23,0,0,0,0,0,0,849834,502054,668909
2026-10-05,,TB,Liam Hicks,Cam Schlittler,‼️ Elite,55,43,2.7,26.0,10.7%,0.161,0.33,10.0,50%,0.0,20.0,30.0,6.5,0,71,A,0,,0,0,0,0,1,533,0.179,41.4,8.6,16,38.0,13,0,0,0,1,0,0,849839,689414,693645
2026-10-05,,CLE,David Fry,Anthony Kay,🎯 Target,53,88,3.0,33.0,8.6%,0.172,0.275,10.0,25%,0.25,40.0,40.0,33.6,0,47,C,0,,0,0,0,0,1,203,0.169,34.0,6.8,6,74.0,16,0,0,0,0,0,0,849834,681807,641743
2026-10-05,,CWS,Luisangel Acuña,Gavin Williams,🤔 Average,52,37,1.0,21.0,4.2%,0.064,0.264,10.0,50%,0.5,20.0,20.0,24.2,0,50,C,0,,0,0,0,0,1,198,0.0,32.7,0.0,0,66.0,23,0,0,0,0,0,0,849834,682668,668909
2026-10-05,,CWS,Kyle Teel,Gavin Williams,🤔 Average,52,56,2.8,16.0,6.8%,0.151,0.328,0.0,49.7%,0.0,14.3,21.4,11.9,0,47,C,0,,0,0,0,0,1,158,0.236,21.4,8.6,6,66.0,23,0,0,0,0,0,0,849834,691019,668909
2026-10-05,,NYY,Giancarlo Stanton,Freddy Peralta,💥 Hittable,52,77,2.9,18.0,9%,0.163,0.367,0.0,0%,0.0,10.0,40.0,23.9,0,38,D,0,,1,0,0,1,0,71,0.2,34.6,11.5,2,95.0,15,1,0,0,0,0,0,849839,519317,642547
2026-10-05,,CWS,Chase Meidroth,Gavin Williams,🤔 Average,48,61,1.9,28.0,7.4%,0.15,0.303,8.3,49.7%,0.499,16.7,25.0,-2.8,0,45,C,0,,0,0,0,0,1,617,0.103,32.2,4.8,12,39.0,23,0,0,0,1,0,0,849834,805367,668909
2026-10-05,,CLE,Daniel Schneemann,Anthony Kay,🎯 Target,48,39,2.2,25.0,6.6%,0.133,0.296,10.0,66.7%,0.333,30.0,40.0,9.1,0,43,D,0,,0,0,0,0,1,271,0.132,31.8,6.8,2,63.0,16,0,0,0,0,0,0,849834,682177,641743
2026-10-05,,NYY,Cody Bellinger,Freddy Peralta,💥 Hittable,48,72,2.8,27.0,13.3%,0.17,0.335,0.0,0%,0.333,23.1,23.1,29.5,0,56,B,0,,1,0,0,0,0,545,0.179,38.3,7.5,17,63.0,15,0,0,0,0,0,0,849839,641355,642547
2026-10-05,,NYY,George Lombard Jr.,Freddy Peralta,💥 Hittable,48,66,3.3,14.0,11.7%,0.178,0.299,0.0,150%,0.0,18.2,45.5,18.6,0,43,D,0,,0,0,0,0,1,177,0.085,25.0,3.1,4,59.0,15,0,0,0,0,0,0,849839,806146,642547
2026-10-05,,CLE,Rhys Hoskins,Anthony Kay,🎯 Target,47,94,3.6,15.0,2.7%,0.198,0.309,0.0,,,0.0,30.0,7.4,0,28,F,0,partial,0,1,0,0,0,301,0.212,33.0,10.6,8,73.0,16,0,0,0,0,0,0,849834,656555,641743
2026-10-05,,CLE,Austin Hedges,Anthony Kay,🎯 Target,47,75,1.4,24.0,9%,0.153,0.277,10.0,50%,0.5,20.0,20.0,7.3,0,65,B,0,,0,0,0,0,1,239,0.025,41.4,5.1,2,43.0,16,0,0,0,0,0,0,849834,595978,641743
2026-10-05,,TB,Cedric Mullins,Cam Schlittler,‼️ Elite,47,35,2.6,12.0,8%,0.139,0.273,0.0,0%,0.0,10.0,50.0,15.6,0,37,D,1,,0,0,0,0,1,481,0.15,38.8,11.2,18,53.0,13,0,0,0,0,0,0,849839,656775,693645
2026-10-05,,CWS,Brenton Doyle,Gavin Williams,🤔 Average,45,54,1.9,31.0,3.7%,0.14,0.24,0.0,0%,0.25,40.0,40.0,6.8,0,40,D,0,,0,0,0,0,1,206,0.019,34.5,3.6,1,63.0,23,0,0,0,0,0,0,849834,686668,668909
2026-10-05,,NYY,Paul Goldschmidt,Freddy Peralta,💥 Hittable,45,80,2.9,17.0,9.9%,0.2,0.324,0.0,0%,0.0,40.0,10.0,17.1,0,43,D,0,,0,1,0,0,0,381,0.149,33.0,8.5,5,61.0,15,0,0,0,0,0,0,849839,502671,642547
2026-10-05,,CWS,Tristan Peters,Gavin Williams,🤔 Average,43,55,2.3,19.0,5.6%,0.172,0.312,0.0,0%,0.0,25.0,16.7,3.7,0,44,C,0,partial,0,0,0,0,1,474,0.217,41.8,9.7,14,54.0,23,0,0,0,0,0,0,849834,671976,668909
2026-10-05,,CWS,Sam Antonacci,Gavin Williams,🤔 Average,43,47,1.2,10.0,4.8%,0.124,0.348,0.0,0%,0.0,21.4,42.9,8.5,0,57,B,0,,0,0,0,0,1,560,0.18,28.3,5.3,17,53.0,23,0,0,0,1,0,0,849834,803011,668909
2026-10-05,,CLE,Angel Martínez,Anthony Kay,🎯 Target,43,48,3.0,16.0,5.4%,0.211,0.291,0.0,0%,0.0,30.0,10.0,27.7,0,34,D,0,,0,0,0,0,1,399,0.17,36.4,7.3,9,59.0,16,0,0,0,0,0,0,849834,682657,641743
2026-10-05,,NYY,Heliot Ramos,Freddy Peralta,💥 Hittable,43,58,2.6,19.0,8.5%,0.17,0.332,0.0,50%,0.0,20.0,30.0,18.1,0,27,F,0,,0,0,0,0,1,420,0.139,25.3,3.2,9,66.0,15,0,0,0,0,0,0,849839,671218,642547
2026-10-05,,TB,Richie Palacios,Cam Schlittler,‼️ Elite,43,33,2.1,15.0,9.1%,0.144,0.295,0.0,0%,0.0,10.0,20.0,18.2,0,51,C,0,,0,0,0,0,1,386,0.158,34.7,5.9,6,43.0,13,0,0,0,0,0,0,849839,680700,693645
2026-10-05,,CWS,Joey Bart,Gavin Williams,🤔 Average,42,71,1.9,10.0,2.6%,0.143,0.317,0.0,,,0.0,10.0,9.6,0,24,F,0,,0,0,0,0,1,121,0.212,38.9,11.1,2,73.0,23,0,0,0,0,0,0,849834,663698,668909
2026-10-05,,TB,Yandy Díaz,Cam Schlittler,‼️ Elite,42,53,2.8,15.0,7.2%,0.15,0.358,0.0,0%,0.0,30.0,40.0,4.3,0,49,C,0,,0,0,0,0,1,664,0.086,16.8,0.7,11,53.0,13,0,0,0,1,0,0,849839,650490,693645
2026-10-05,,TB,Carson Williams,Cam Schlittler,‼️ Elite,42,39,3.1,23.0,12.7%,0.12,0.234,0.0,25%,0.25,40.0,30.0,13.2,0,43,D,1,,0,0,0,1,0,36,0.091,38.5,0.0,0,45.0,13,0,0,0,0,0,1,849839,700246,693645
2026-10-05,,CLE,Brayan Rocchio,Anthony Kay,🎯 Target,41,30,1.6,26.0,4.7%,0.185,0.302,0.0,0%,1.0,20.0,30.0,-0.2,0,43,D,0,,0,0,0,0,1,571,0.168,33.1,6.0,7,50.0,16,0,0,0,1,0,0,849834,677587,641743
2026-10-05,,TB,Nick Fortes,Cam Schlittler,‼️ Elite,40,38,1.9,24.0,6.7%,0.128,0.278,10.0,100%,1.0,10.0,10.0,-1.2,0,33,D,1,,0,0,0,0,1,310,0.14,42.4,8.1,5,51.0,13,0,0,0,0,0,0,849839,663743,693645
2026-10-05,,CLE,Nathaniel Lowe,Anthony Kay,🎯 Target,38,39,2.9,16.0,4.9%,0.188,0.332,0.0,0%,0.0,10.0,40.0,3.0,0,65,B,0,,0,0,0,0,1,418,0.0,27.3,0.0,0,67.0,16,0,0,0,0,0,0,849834,663993,641743
2026-10-05,,CLE,José Ramírez,Anthony Kay,🎯 Target,37,42,1.7,12.0,2%,0.133,0.333,0.0,,,0.0,30.0,37.5,0,44,C,0,,0,0,0,0,1,518,0.194,48.0,6.9,4,64.0,16,0,0,0,0,0,0,849834,608070,641743
2026-10-05,,TB,Austin Slater,Cam Schlittler,‼️ Elite,37,33,0.0,4.0,3.6%,0.046,0.255,0.0,,,0.0,30.0,20.1,0,62,B,0,,0,0,0,1,0,61,0.0,0.0,0.0,0,,13,0,0,0,0,0,0,849839,596103,693645
2026-10-05,,CLE,Kyle Manzardo,Anthony Kay,🎯 Target,36,41,2.4,14.0,2.8%,0.16,0.298,0.0,50%,0.0,20.0,20.0,10.5,0,33,D,0,,0,0,0,0,1,340,0.114,45.5,11.4,2,56.0,16,0,0,0,0,0,0,849834,700932,641743
2026-10-05,,TB,Ryan Vilade,Cam Schlittler,‼️ Elite,35,44,3.0,12.0,1.9%,0.184,0.318,0.0,,,0.0,10.0,26.3,0,38,D,1,,0,0,0,0,1,271,0.108,25.3,5.3,3,60.0,13,0,0,0,0,0,0,849839,668723,693645
2026-10-05,,CWS,Braden Montgomery,Gavin Williams,🤔 Average,34,47,1.3,9.0,3.4%,0.124,0.317,0.0,0%,0.0,20.0,20.0,-2.1,0,40,D,0,partial,0,0,0,0,1,376,0.14,29.0,3.6,7,44.0,23,0,0,0,0,0,0,849834,695731,668909
2026-10-05,,NYY,Jazz Chisholm Jr.,Freddy Peralta,💥 Hittable,34,75,2.3,11.0,5.2%,0.168,0.304,0.0,,,0.0,10.0,10.9,0,36,D,0,,1,1,0,0,0,514,0.199,40.7,9.3,16,73.0,15,0,0,0,0,0,0,849839,665862,642547
2026-10-05,,NYY,Max Schuemann,Freddy Peralta,💥 Hittable,34,53,1.0,15.0,10%,0.163,0.313,0.0,0%,0.0,20.0,30.0,11.2,0,49,C,0,,0,0,0,1,0,89,0.0,10.7,3.6,3,37.0,15,0,0,0,0,0,0,849839,680474,642547
2026-10-05,,TB,Jake Fraley,Cam Schlittler,‼️ Elite,34,37,1.1,8.0,1.6%,0.148,0.233,0.0,,,0.0,0.0,22.8,0,43,D,1,,0,0,0,1,0,78,0.136,23.9,8.7,2,55.0,13,0,0,0,0,0,0,849839,641584,693645
2026-10-05,,TB,Nick Madrigal,Cam Schlittler,‼️ Elite,34,40,0.0,5.0,3.8%,0.042,0.289,0.0,0%,0.0,20.0,40.0,8.7,0,77,A,0,,0,0,0,1,0,63,0.0,34.6,0.0,0,28.0,13,0,0,0,1,0,0,849839,663611,693645
2026-10-05,,CLE,George Valera,Anthony Kay,🎯 Target,33,25,0.0,13.0,0.9%,0.082,0.22,0.0,,,0.0,40.0,16.1,0,46,C,0,,0,0,0,1,0,38,0.167,38.9,0.0,0,54.0,16,0,0,0,0,0,0,849834,671655,641743
2026-10-05,,CLE,Travis Bazzana,Anthony Kay,🎯 Target,33,31,2.0,14.0,3.1%,0.159,0.304,0.0,0%,0.0,20.0,10.0,15.8,0,48,C,0,,0,0,0,0,1,520,0.019,27.4,2.4,5,42.0,16,0,0,0,0,0,0,849834,683953,641743
2026-10-05,,CWS,Drew Romo,Gavin Williams,🤔 Average,32,45,2.7,10.0,2%,0.15,0.266,0.0,,,0.0,20.0,4.5,0,38,D,0,,0,0,0,0,1,203,0.125,36.0,5.6,5,54.0,23,0,0,0,0,0,0,849834,691011,668909
2026-10-05,,CLE,Petey Halpin,Anthony Kay,🎯 Target,32,25,1.2,8.0,2.6%,0.101,0.299,0.0,0%,0.0,20.0,10.0,19.5,0,43,D,0,,0,0,0,0,1,195,0.097,38.9,8.3,2,30.0,16,0,0,0,0,0,0,849834,690984,641743
2026-10-05,,CWS,Jake Rogers,Gavin Williams,🤔 Average,31,49,1.9,16.0,2.7%,0.126,0.278,0.0,0%,0.0,20.0,0.0,31.1,0,19,F,0,,0,0,0,0,1,162,0.159,36.5,10.8,5,57.0,23,0,0,0,0,0,0,849834,668670,668909
2026-10-05,,CWS,Edgar Quero,Gavin Williams,🤔 Average,29,38,1.5,8.0,2%,0.053,0.285,0.0,,,0.0,40.0,3.3,0,64,B,0,,0,0,0,0,1,196,0.014,23.5,1.2,4,45.0,23,0,0,0,0,0,0,849834,700337,668909
2026-10-05,,CLE,Angel Genao,Anthony Kay,🎯 Target,29,30,0.0,7.0,1.6%,0.079,0.29,0.0,,,0.0,40.0,1.9,0,63,B,0,,0,0,0,0,1,139,0.156,48.6,5.7,2,70.0,16,0,0,0,0,0,0,849834,694197,641743
2026-10-05,,NYY,Ryan McMahon,Freddy Peralta,💥 Hittable,29,66,2.0,9.0,12.2%,0.141,0.299,0.0,0%,0.0,10.0,10.0,23.6,0,23,F,0,partial,0,0,0,0,1,346,0.182,29.5,4.9,13,76.0,15,0,0,0,0,0,0,849839,641857,642547
2026-10-05,,NYY,Jasson Domínguez,Freddy Peralta,💥 Hittable,29,63,2.3,17.0,10%,0.144,0.282,0.0,50%,0.0,20.0,30.0,11.7,0,38,D,0,partial,0,0,0,0,1,224,0.128,40.7,7.7,1,72.0,15,0,0,0,0,0,0,849839,691176,642547
2026-10-05,,NYY,Spencer Jones,Freddy Peralta,💥 Hittable,29,72,3.0,10.0,2.5%,0.184,0.318,0.0,,,0.0,0.0,30.1,0,40,D,0,partial,0,0,0,0,1,301,0.11,25.7,6.1,10,95.0,15,0,0,0,0,0,0,849839,682987,642547
2026-10-05,,TB,Jorge Mateo,Cam Schlittler,‼️ Elite,27,35,0.5,20.0,3%,0.11,0.26,0.0,33.3%,0.0,30.0,20.0,6.3,0,41,D,1,,0,0,0,0,1,214,0.059,21.9,0.0,4,57.0,13,0,0,0,0,0,1,849839,622761,693645
2026-10-05,,NYY,J.C. Escarra,Freddy Peralta,💥 Hittable,26,32,0.0,16.0,3.2%,0.082,0.275,0.0,0%,0.0,60.0,40.0,24.2,0,42,D,0,partial,0,0,0,1,0,86,0.086,26.3,5.3,2,41.0,15,0,0,0,0,0,0,849839,641555,642547
2026-10-05,,NYY,Amed Rosario,Freddy Peralta,💥 Hittable,24,62,2.4,11.0,15.7%,0.167,0.31,0.0,0%,0.0,20.0,20.0,7.0,0,38,D,0,,0,0,0,0,1,232,0.265,19.4,2.8,2,56.0,15,0,0,0,0,0,0,849839,642708,642547
2026-10-05,,NYY,Anthony Volpe,Freddy Peralta,💥 Hittable,22,38,0.8,13.0,4.9%,0.092,0.293,0.0,33.3%,0.0,30.0,40.0,10.4,0,40,D,0,,0,0,0,0,1,247,0.078,28.7,2.3,3,58.0,15,0,0,0,0,0,0,849839,683011,642547
2026-10-05,,NYY,Ali Sánchez,Freddy Peralta,💥 Hittable,21,31,0.0,6.0,6.1%,0.058,0.254,0.0,,,0.0,30.0,16.2,0,36,D,0,,0,0,0,1,0,92,0.0,22.6,0.0,1,60.0,15,0,0,0,0,0,1,849839,645305,642547
2026-10-05,,NYY,José Caballero,Freddy Peralta,💥 Hittable,19,56,3.4,7.0,9.5%,0.134,0.275,0.0,0%,0.0,10.0,0.0,9.6,0,40,D,0,,0,0,0,0,1,438,0.178,36.7,5.3,7,38.0,15,0,0,0,0,0,0,849839,676609,642547
2026-10-05,,TB,Taylor Walls,Cam Schlittler,‼️ Elite,19,20,0.4,21.0,1.5%,0.084,0.251,10.0,50%,0.0,20.0,10.0,3.7,0,24,F,1,,0,0,0,0,1,424,0.099,39.1,8.3,13,41.0,13,0,0,0,0,0,0,849839,670764,693645
2026-10-05,,CLE,Kahlil Watson,Anthony Kay,🎯 Target,18,24,0.0,8.0,2%,0.108,0.243,0.0,0%,0.0,10.0,20.0,2.1,0,41,D,0,,0,0,0,1,0,91,0.1,50.0,0.0,0,81.0,16,0,0,0,0,0,0,849834,696135,641743
2026-10-05,,TB,Ben Williamson,Cam Schlittler,‼️ Elite,18,31,0.4,6.0,5.1%,0.08,0.273,0.0,0%,0.0,10.0,20.0,6.2,0,33,D,1,,0,0,0,0,1,267,0.096,21.8,0.0,0,26.0,13,0,0,0,0,0,0,849839,810938,693645
2026-10-05,,CWS,Rikuu Nishida,Gavin Williams,🤔 Average,17,31,0.0,2.0,2.7%,0.0,0.239,0.0,0%,0.0,10.0,20.0,1.3,0,48,C,0,,0,0,0,1,0,30,0.0,23.5,0.0,0,22.0,23,0,0,0,0,0,0,849834,807747,668909
2026-10-05,,TB,Chandler Simpson,Cam Schlittler,‼️ Elite,16,28,0.0,5.0,2.7%,0.049,0.251,0.0,,,0.0,20.0,4.3,0,54,C,0,,0,0,0,0,1,589,0.048,30.9,1.8,0,17.0,13,0,0,0,0,0,0,849839,802415,693645
2026-10-05,,CLE,Steven Kwan,Anthony Kay,🎯 Target,14,20,0.3,7.0,1.8%,0.081,0.33,0.0,,,0.0,10.0,4.9,0,37,D,0,,0,0,0,0,1,614,0.008,28.2,2.7,4,7.0,16,0,0,0,0,0,0,849834,680757,641743
